"PlayerName","Team","POS","ADP","PA","mRBI","mR","mSB","mHR","mOBP","PTS","aPOS","Dollars"
"Mike Trout","Angels","OF","1.1","595","$6.8","$11.7","$6.1","$9.6","$22.0","$56.3","$11.8","$69.1"
"Mookie Betts","Red Sox","OF","1.9","666","$5.9","$14.2","$10.7","$4.1","$9.9","$44.8","$11.8","$57.6"
"Jose Ramirez","Indians","3B","4.0","656","$7.5","$7.7","$9.4","$3.2","$7.1","$34.9","$11.8","$47.7"
"Bryce Harper","Phillies","OF","17.7","613","$6.2","$6.1","$0.6","$9.4","$11.5","$33.9","$11.8","$46.7"
"Giancarlo Stanton","Yankees","OF/DH","21.5","598","$13.1","$6.4","($4.0)","$16.3","$1.7","$33.3","$11.8","$46.2"
"J.D. Martinez","Red Sox","OF/DH","5.6","591","$11.7","$5.5","($3.3)","$9.5","$5.8","$29.1","$11.8","$42.0"
"Gary Sanchez","Yankees","C","55.3","492","($1.0)","($4.6)","($4.4)","$3.1","($4.7)","($11.7)","$52.4","$41.7"
"Nolan Arenado","Rockies","3B","7.2","653","$11.8","$7.8","($3.8)","$10.2","$2.7","$28.6","$11.8","$41.4"
"Francisco Lindor","Indians","SS","15.6","651","$3.5","$8.9","$7.2","$4.3","$2.8","$26.6","$10.5","$38.1"
"Aaron Judge","Yankees","OF","15.1","619","$5.0","$6.8","($1.2)","$9.1","$5.2","$25.0","$11.8","$37.8"
"Christian Yelich","Brewers","OF","6.9","637","$2.9","$6.8","$3.9","$2.2","$8.5","$24.4","$11.8","$37.2"
"Yasmani Grandal","Brewers","C","122.4","496","($4.7)","($7.0)","($4.4)","($0.7)","($0.6)","($17.3)","$52.4","$36.1"
"Anthony Rizzo","Cubs","1B","37.2","640","$5.4","$6.5","($1.4)","$4.6","$9.6","$24.7","$10.3","$36.0"
"J.T. Realmuto","Phillies","C","46.7","535","($2.5)","($5.3)","($2.7)","($2.9)","($4.6)","($17.9)","$52.4","$35.5"
"Rhys Hoskins","Phillies","OF","39.5","644","$8.2","$4.6","($2.4)","$9.8","$1.2","$21.4","$11.8","$34.2"
"Ronald Acuna Jr.","Braves","OF","8.7","652","$1.2","$6.7","$9.8","$3.6","$0.0","$21.2","$11.8","$34.0"
"Paul Goldschmidt","Cardinals","1B","18.4","644","$3.7","$4.9","$1.0","$2.2","$9.7","$21.6","$10.3","$32.9"
"Juan Soto","Nationals","OF","35.4","601","$3.5","$3.8","($1.7)","$2.7","$11.0","$19.3","$11.8","$32.1"
"Kris Bryant","Cubs","3B/OF","32.0","626","$3.1","$5.8","($1.6)","$3.3","$8.7","$19.2","$11.8","$31.9"
"Alex Bregman","Astros","3B/SS","13.8","649","$4.7","$7.2","$1.0","$1.5","$6.0","$20.4","$10.5","$31.9"
"Jose Altuve","Astros","2B","14.2","649","$0.6","$4.9","$5.6","($5.6)","$5.5","$11.1","$19.7","$31.7"
"Freddie Freeman","Braves","1B","21.0","646","$5.1","$4.9","($0.8)","$2.2","$8.3","$19.8","$10.3","$31.1"
"Trea Turner","Nationals","SS","7.1","658","($4.4)","$7.0","$20.8","($5.5)","$0.8","$18.7","$10.5","$30.2"
"Trevor Story","Rockies","SS","17.0","607","$6.9","$2.6","$5.9","$5.3","($2.7)","$18.0","$10.5","$29.5"
"Buster Posey","Giants","C","145.0","531","($7.6)","($7.5)","($3.3)","($9.4)","$3.6","($24.2)","$52.4","$29.2"
"Manny Machado","Padres","SS","18.8","637","$6.0","$3.7","($0.1)","$7.0","$0.7","$17.3","$10.5","$28.8"
"Charlie Blackmon","Rockies","OF","27.7","678","($0.2)","$9.9","$2.6","$1.7","$1.9","$15.8","$11.8","$28.6"
"Cody Bellinger","Dodgers","1B/OF","44.6","627","$6.4","$2.3","$1.0","$6.1","($1.0)","$14.8","$11.8","$27.6"
"Andrew Benintendi","Red Sox","OF","29.3","655","($1.2)","$8.6","$6.0","($4.5)","$4.9","$13.8","$11.8","$26.7"
"Joey Gallo","Rangers","1B/OF","101.3","573","$5.3","$1.0","($2.0)","$11.4","($2.8)","$12.9","$11.8","$25.7"
"Joey Votto","Reds","1B","64.8","640","$0.3","$4.3","($4.1)","($1.8)","$15.8","$14.4","$10.3","$25.7"
"Nelson Cruz","Twins","DH","96.8","597","$9.0","$3.3","($5.1)","$9.0","$3.4","$19.8","$3.1","$23.9"
"Daniel Murphy","Rockies","2B","66.3","602","$2.0","$2.6","($3.8)","($1.4)","$3.2","$2.6","$19.7","$23.3"
"Yasiel Puig","Reds","OF","70.8","576","$3.1","($0.4)","$3.6","$2.8","$1.1","$10.2","$11.8","$23.1"
"Willson Contreras","Cubs","C","135.0","468","($8.5)","($10.3)","($3.2)","($7.7)","($1.3)","($31.0)","$52.4","$22.4"
"Andrew McCutchen","Phillies","OF","139.9","598","$0.0","$1.5","$1.2","$1.7","$3.6","$8.1","$11.8","$20.9"
"Javier Baez","Cubs","2B/3B/SS","17.1","627","$6.3","$1.3","$5.1","$4.4","($8.2)","$8.9","$10.5","$20.4"
"Rougned Odor","Rangers","2B","130.2","622","$2.2","($0.7)","$4.3","$3.0","($9.7)","($0.9)","$19.7","$19.8"
"Yadier Molina","Cardinals","C","145.5","497","($7.6)","($10.2)","($2.5)","($7.8)","($5.8)","($34.0)","$52.4","$19.4"
"Matt Olson","Athletics","1B","111.9","628","$5.7","$2.1","($4.4)","$7.0","($2.5)","$7.9","$10.3","$19.2"
"Khris Davis","Athletics","DH","44.1","637","$10.1","$3.6","($5.0)","$12.3","($5.9)","$15.0","$3.1","$19.1"
"Travis Shaw","Brewers","2B/3B","98.5","598","$2.4","($1.5)","($2.4)","$2.6","($2.9)","($1.9)","$19.7","$18.8"
"George Springer","Astros","OF","63.5","620","($2.3)","$5.5","($0.7)","$1.4","$1.7","$5.6","$11.8","$18.4"
"Eugenio Suarez","Reds","3B","54.6","625","$4.0","$0.9","($3.5)","$3.4","$0.4","$5.3","$11.8","$18.0"
"Matt Carpenter","Cardinals","1B/3B","73.9","627","($3.5)","$5.0","($3.4)","$0.1","$6.3","$4.6","$11.8","$17.4"
"Carlos Santana","Indians","1B","201.8","628","$2.0","$2.5","($4.0)","$0.6","$4.9","$6.0","$10.3","$17.3"
"Anthony Rendon","Nationals","3B","43.4","595","$1.0","$1.1","($2.9)","($1.9)","$6.0","$3.3","$11.8","$16.1"
"Starling Marte","Pirates","OF","36.0","610","($4.0)","$0.0","$15.5","($5.6)","($3.0)","$2.9","$11.8","$15.8"
"Marcell Ozuna","Cardinals","OF","79.7","601","$5.1","($0.7)","($4.4)","$2.4","($0.4)","$2.0","$11.8","$14.9"
"Whit Merrifield","Royals","2B/OF","30.8","663","($7.6)","$1.7","$14.1","($9.7)","($4.4)","($6.0)","$19.7","$14.7"
"Kyle Schwarber","Cubs","OF","214.0","555","$0.5","($1.9)","($2.8)","$4.4","$1.5","$1.7","$11.8","$14.6"
"Wilson Ramos","Mets","C","132.0","420","($9.1)","($12.9)","($5.4)","($5.8)","($5.7)","($38.9)","$52.4","$14.5"
"Xander Bogaerts","Red Sox","SS","48.2","616","$2.1","$1.9","$0.3","($3.8)","$2.1","$2.5","$10.5","$14.1"
"Jose Abreu","White Sox","1B","86.4","615","$5.0","$0.2","($4.6)","$3.1","($1.8)","$2.0","$10.3","$13.3"
"Tommy Pham","Rays","OF","57.0","604","($2.9)","($0.2)","$4.8","($2.7)","$1.2","$0.2","$11.8","$13.0"
"Josh Donaldson","Braves","3B","102.0","556","($1.8)","($0.1)","($3.5)","$1.6","$3.7","$0.1","$11.8","$12.9"
"Ozzie Albies","Braves","2B","60.1","618","($1.9)","($0.6)","$4.1","($4.0)","($5.4)","($7.9)","$19.7","$12.8"
"Matt Chapman","Athletics","3B","113.6","627","$2.9","$1.9","($3.3)","$3.1","($5.0)","($0.5)","$11.8","$12.3"
"Justin Turner","Dodgers","3B","109.0","589","$0.2","($0.2)","($3.5)","($2.6)","$5.5","($0.6)","$11.8","$12.2"
"Mike Zunino","Rays","C","240.7","426","($9.7)","($12.5)","($5.2)","($3.3)","($10.6)","($41.2)","$52.4","$12.2"
"Adalberto Mondesi","Royals","SS","39.5","591","($3.5)","($2.0)","$21.0","($2.4)","($12.5)","$0.6","$10.5","$12.1"
"Danny Jansen","Blue Jays","C","182.3","397","($13.2)","($12.9)","($3.9)","($9.6)","($1.8)","($41.4)","$52.4","$12.0"
"Justin Upton","Angels","OF","101.6","594","$2.3","($0.9)","($1.1)","$3.1","($4.5)","($1.1)","$11.8","$11.8"
"Shin-Soo Choo","Rangers","OF/DH","288.9","654","($3.5)","$3.5","($1.3)","($2.3)","$2.5","($1.1)","$11.8","$11.7"
"Corey Seager","Dodgers","SS","85.0","610","($2.3)","$3.7","($3.4)","($1.3)","$2.9","($0.4)","$10.5","$11.1"
"Robinson Cano","Mets","2B","125.6","614","$0.5","($1.8)","($5.1)","($1.3)","($1.9)","($9.6)","$19.7","$11.1"
"Nicholas Castellanos","Tigers","OF","96.6","638","$4.2","$0.7","($3.8)","$0.0","($2.9)","($1.8)","$11.8","$11.0"
"Michael Conforto","Mets","OF","106.9","604","$0.6","($1.4)","($3.3)","$2.2","($0.4)","($2.3)","$11.8","$10.5"
"Vladimir Guerrero Jr.","Blue Jays","3B","43.7","535","($0.6)","($2.0)","($2.7)","($1.6)","$4.5","($2.4)","$11.8","$10.4"
"Mike Moustakas","Brewers","3B","141.7","575","$3.9","($1.7)","($4.1)","$5.3","($5.9)","($2.5)","$11.8","$10.3"
"Nomar Mazara","Rangers","OF","158.6","615","$3.3","($0.4)","($4.5)","$1.2","($2.2)","($2.7)","$11.8","$10.2"
"Mitch Haniger","Mariners","OF","95.6","637","$0.2","$0.7","($1.6)","($0.7)","($1.8)","($3.1)","$11.8","$9.7"
"Lorenzo Cain","Brewers","OF","61.2","620","($8.3)","$2.4","$7.9","($7.8)","$2.3","($3.5)","$11.8","$9.3"
"Eddie Rosario","Twins","OF","86.4","612","$2.9","$0.2","($0.4)","$0.4","($6.9)","($3.8)","$11.8","$9.1"
"Gleyber Torres","Yankees","2B/SS","67.0","562","($2.4)","($3.5)","($0.3)","($1.7)","($4.0)","($11.9)","$19.7","$8.8"
"Carlos Correa","Astros","SS","49.3","568","$0.8","($0.8)","($3.3)","($0.8)","$1.3","($2.8)","$10.5","$8.7"
"Wil Myers","Padres","3B/OF","105.1","606","($2.1)","($1.7)","$5.3","($0.3)","($6.0)","($4.7)","$11.8","$8.1"
"Aaron Hicks","Yankees","OF","119.1","578","($3.8)","$0.0","$0.5","($2.2)","$0.4","($5.1)","$11.8","$7.7"
"Yoan Moncada","White Sox","2B","155.1","621","($6.1)","($1.5)","$4.2","($4.4)","($5.6)","($13.3)","$19.7","$7.4"
"David Peralta","Diamondbacks","OF","140.1","614","($1.4)","$0.3","($2.8)","($1.7)","($0.6)","($6.2)","$11.8","$6.7"
"Miguel Cabrera","Tigers","1B","162.0","559","($0.6)","($2.3)","($5.0)","($1.6)","$4.8","($4.7)","$10.3","$6.6"
"Josh Bell","Pirates","1B","265.8","623","($0.3)","($1.5)","($2.6)","($3.6)","$3.1","($4.9)","$10.3","$6.4"
"Tucker Barnhart","Reds","C","268.4","458","($12.8)","($13.8)","($4.2)","($12.1)","($4.3)","($47.1)","$52.4","$6.2"
"Brian Dozier","Nationals","2B","141.6","539","($3.8)","($5.1)","$0.4","($2.4)","($4.1)","($15.0)","$19.7","$5.7"
"Randal Grichuk","Blue Jays","OF","246.3","566","$2.6","($2.1)","($2.8)","$5.4","($10.7)","($7.5)","$11.8","$5.3"
"Edwin Encarnacion","Mariners","1B/DH","135.0","544","$0.5","($3.4)","($4.8)","$3.7","($2.0)","($6.0)","$10.3","$5.3"
"Eloy Jimenez","White Sox","OF","120.9","546","$1.0","($3.6)","($4.4)","$0.4","($1.1)","($7.7)","$11.8","$5.1"
"Eric Hosmer","Padres","1B","176.6","649","$0.1","($0.9)","($1.9)","($1.7)","($1.9)","($6.3)","$10.3","$5.0"
"David Dahl","Rockies","OF","70.9","565","$0.1","($2.8)","$1.2","($1.5)","($5.2)","($8.1)","$11.8","$4.7"
"Jake Bauers","Indians","1B/OF","236.6","582","($2.8)","($3.0)","$3.9","($4.6)","($1.8)","($8.3)","$11.8","$4.5"
"Justin Smoak","Blue Jays","1B","230.2","587","$0.3","($1.7)","($5.1)","$1.9","($2.5)","($7.2)","$10.3","$4.1"
"Stephen Piscotty","Athletics","OF","156.5","604","($0.8)","($1.2)","($3.3)","($2.1)","($1.8)","($9.2)","$11.8","$3.6"
"Ryan Braun","Brewers","OF","199.0","507","($2.3)","($5.0)","$1.6","($0.9)","($3.2)","($9.8)","$11.8","$3.0"
"Max Kepler","Twins","OF","234.8","595","($1.8)","($1.8)","($1.6)","($2.8)","($2.4)","($10.4)","$11.8","$2.5"
"Francisco Cervelli","Pirates","C","268.0","347","($17.4)","($17.0)","($4.1)","($14.0)","$1.4","($51.1)","$52.4","$2.3"
"Michael Brantley","Astros","OF","119.7","576","($2.1)","($2.4)","$0.3","($5.8)","($0.6)","($10.5)","$11.8","$2.3"
"Jake Lamb","Diamondbacks","3B","274.9","601","($1.3)","($3.2)","($2.2)","($1.8)","($2.4)","($11.0)","$11.8","$1.8"
"Rafael Devers","Red Sox","3B","146.6","533","($0.3)","($3.8)","($2.1)","($1.2)","($3.8)","($11.2)","$11.8","$1.6"
"Mallex Smith","Mariners","OF","104.3","628","($12.1)","($1.0)","$19.9","($14.4)","($3.9)","($11.4)","$11.8","$1.4"
"Jean Segura","Phillies","SS","60.8","641","($6.2)","$1.1","$7.2","($8.0)","($4.3)","($10.2)","$10.5","$1.3"
"Scooter Gennett","Reds","2B","91.3","601","($1.2)","($3.6)","($3.4)","($3.7)","($7.7)","($19.6)","$19.7","$1.1"
"Shohei Ohtani","Angels","DH","190.4","473","($1.3)","($4.5)","$0.3","$1.1","$1.3","($3.1)","$3.1","$1.0"
"Jesus Aguilar","Brewers","1B","80.1","578","$1.6","($3.0)","($5.4)","$3.2","($6.7)","($10.3)","$10.3","$1.0"
"Jorge Polanco","Twins","SS","225.2","637","($5.3)","$1.7","$4.2","($7.7)","($3.5)","($10.5)","$10.5","$1.0"
"Miguel Andujar","Yankees","3B","82.9","557","$1.0","($3.1)","($3.7)","($0.3)","($5.7)","($11.8)","$11.8","$1.0"
"Jorge Soler","Royals","OF","366.9","585","($1.8)","($3.6)","($3.2)","($0.6)","($2.6)","($11.8)","$11.8","$1.0"
"Jason Kipnis","Indians","2B","472.3","612","($4.6)","($1.8)","($1.1)","($6.2)","($6.0)","($19.7)","$19.7","$1.0"
"Chris Iannetta","Rockies","C","432.4","280","($17.8)","($18.4)","($5.3)","($11.2)","$0.4","($52.4)","$52.4","$1.0"
"Joc Pederson","Dodgers","OF","372.7","472","($4.3)","($6.3)","($2.3)","$0.7","$0.2","($11.9)","$11.8","$1.0"
"Corey Dickerson","Pirates","OF","203.5","603","$0.9","($2.3)","($1.9)","($1.9)","($6.9)","($12.0)","$11.8","$0.8"
"Victor Robles","Nationals","OF","95.0","567","($8.1)","($3.8)","$11.5","($9.3)","($2.6)","($12.4)","$11.8","$0.4"
"Jurickson Profar","Athletics","1B/3B/SS","126.9","637","($3.1)","$0.5","($0.8)","($5.7)","($2.8)","($11.8)","$10.5","($0.3)"
"Cesar Hernandez","Phillies","2B","175.2","606","($11.8)","($2.2)","$3.4","($11.7)","$0.8","($21.4)","$19.7","($0.7)"
"Omar Narvaez","Mariners","C","280.6","380","($17.0)","($16.4)","($4.8)","($13.8)","($2.2)","($54.2)","$52.4","($0.8)"
"Brandon Belt","Giants","1B","429.0","585","($4.0)","($3.3)","($3.4)","($4.2)","$2.7","($12.1)","$10.3","($0.8)"
"C.J. Cron","Twins","1B/DH","254.5","525","($0.3)","($4.1)","($4.0)","$1.2","($5.0)","($12.2)","$10.3","($0.9)"
"Miguel Sano","Twins","3B","244.5","527","($1.6)","($4.3)","($5.3)","$1.6","($4.1)","($13.7)","$11.8","($0.9)"
"Trey Mancini","Orioles","1B/OF","249.1","618","$0.7","($2.8)","($4.9)","$0.0","($7.0)","($14.1)","$11.8","($1.3)"
"A.J. Pollock","Dodgers","OF","111.7","560","($4.9)","($3.0)","$4.2","($3.7)","($6.8)","($14.1)","$11.8","($1.3)"
"Tyler Flowers","Braves","C","493.6","312","($17.4)","($18.6)","($5.3)","($12.0)","($1.4)","($54.7)","$52.4","($1.3)"
"Franmil Reyes","Padres","OF","230.6","553","($0.8)","($4.9)","($4.8)","$2.0","($5.8)","($14.3)","$11.8","($1.5)"
"Jesse Winker","Reds","OF","191.0","553","($6.8)","($3.2)","($4.0)","($7.1)","$6.5","($14.5)","$11.8","($1.7)"
"Maikel Franco","Phillies","3B","286.5","542","$0.3","($5.3)","($4.9)","$1.3","($6.1)","($14.8)","$11.8","($2.1)"
"Welington Castillo","White Sox","C","216.9","311","($16.6)","($18.2)","($5.1)","($9.8)","($6.1)","($55.7)","$52.4","($2.3)"
"Max Muncy","Dodgers","1B/3B","117.5","531","($4.2)","($4.9)","($3.9)","($1.5)","($0.9)","($15.5)","$11.8","($2.7)"
"Jonathan Schoop","Twins","2B","184.6","503","($2.8)","($6.8)","($4.7)","($1.3)","($7.8)","($23.4)","$19.7","($2.7)"
"Brandon Nimmo","Mets","OF","175.6","608","($10.0)","($0.7)","$0.3","($6.9)","$1.5","($15.8)","$11.8","($2.9)"
"Martin Maldonado","Royals","C","572.6","394","($15.8)","($15.9)","($4.6)","($11.6)","($8.5)","($56.3)","$52.4","($2.9)"
"Marcus Semien","Athletics","SS","232.1","624","($3.7)","($1.6)","$2.0","($4.5)","($6.9)","($14.7)","$10.5","($3.2)"
"Jorge Alfaro","Marlins","C","247.8","405","($15.0)","($17.4)","($4.4)","($11.0)","($9.3)","($57.3)","$52.4","($3.9)"
"Kole Calhoun","Angels","OF","460.9","602","($4.7)","($1.3)","($2.1)","($3.2)","($5.4)","($16.8)","$11.8","($4.0)"
"Jason Castro","Twins","C","586.3","327","($18.2)","($17.3)","($4.7)","($12.6)","($4.9)","($57.6)","$52.4","($4.2)"
"Adam Frazier","Pirates","2B/OF","403.5","604","($10.6)","($2.3)","$1.2","($11.3)","($1.8)","($24.9)","$19.7","($4.2)"
"Ian Desmond","Rockies","1B/OF","141.7","506","($5.3)","($7.2)","$4.0","($5.2)","($3.5)","($17.2)","$11.8","($4.4)"
"Robinson Chirinos","Astros","C","239.7","278","($18.5)","($19.0)","($5.0)","($10.7)","($5.4)","($58.6)","$52.4","($5.2)"
"Grayson Greiner","Tigers","C","559.4","347","($17.7)","($17.8)","($4.9)","($13.1)","($5.4)","($58.9)","$52.4","($5.5)"
"Christin Stewart","Tigers","OF/DH","404.0","524","($3.4)","($5.2)","($5.1)","($0.9)","($3.7)","($18.4)","$11.8","($5.6)"
"Carlos Gonzalez","","OF","548.8","583","($1.3)","($4.7)","($3.0)","($2.0)","($7.5)","($18.6)","$11.8","($5.7)"
"Jose Peraza","Reds","SS","96.5","619","($6.6)","($3.0)","$8.4","($10.3)","($5.8)","($17.4)","$10.5","($5.9)"
"Austin Barnes","Dodgers","C","343.7","281","($20.5)","($20.0)","($2.8)","($14.6)","($1.7)","($59.6)","$52.4","($6.2)"
"Jackie Bradley Jr.","Red Sox","OF","220.3","532","($5.8)","($4.6)","$1.4","($6.5)","($3.6)","($19.1)","$11.8","($6.3)"
"Jeimer Candelario","Tigers","3B","477.3","618","($4.2)","($1.5)","($3.7)","($4.0)","($5.8)","($19.3)","$11.8","($6.5)"
"Francisco Mejia","Padres","C/DH","256.9","317","($17.8)","($18.9)","($4.9)","($12.0)","($6.5)","($60.1)","$52.4","($6.8)"
"Jed Lowrie","Mets","2B","337.3","600","($7.7)","($3.5)","($5.3)","($6.5)","($4.7)","($27.6)","$19.7","($6.9)"
"Ender Inciarte","Braves","OF","137.4","613","($8.4)","($4.7)","$8.8","($12.0)","($3.8)","($20.0)","$11.8","($7.2)"
"Austin Hedges","Padres","C","327.2","288","($17.7)","($20.3)","($4.4)","($10.3)","($7.9)","($60.6)","$52.4","($7.2)"
"Yonder Alonso","White Sox","1B","319.6","586","($2.5)","($4.5)","($5.1)","($1.3)","($5.5)","($18.9)","$10.3","($7.7)"
"Domingo Santana","Mariners","OF","218.7","569","($5.2)","($5.8)","($1.7)","($3.8)","($4.1)","($20.7)","$11.8","($7.8)"
"Brian Anderson","Marlins","3B/OF","306.7","648","($4.0)","($3.9)","($3.6)","($6.5)","($2.9)","($20.9)","$11.8","($8.1)"
"Adam Eaton","Nationals","OF","199.8","547","($10.8)","($3.4)","$0.7","($11.5)","$4.0","($20.9)","$11.8","($8.1)"
"Dee Gordon","Mariners","2B/OF","105.7","578","($12.5)","($6.5)","$15.3","($16.3)","($8.9)","($28.9)","$19.7","($8.2)"
"Kurt Suzuki","Nationals","C","331.0","237","($19.5)","($21.1)","($5.5)","($13.3)","($2.3)","($61.8)","$52.4","($8.4)"
"Alex Avila","Diamondbacks","C","598.2","264","($21.4)","($20.7)","($5.2)","($13.4)","($1.1)","($61.8)","$52.4","($8.4)"
"Paul DeJong","Cardinals","SS","183.3","547","($1.4)","($5.6)","($4.4)","($0.8)","($7.7)","($20.0)","$10.5","($8.5)"
"Starlin Castro","Marlins","2B","384.7","639","($6.3)","($4.6)","($2.5)","($7.2)","($8.5)","($29.3)","$19.7","($8.6)"
"Ramon Laureano","Athletics","OF","183.8","526","($8.7)","($5.3)","$4.4","($6.8)","($5.0)","($21.4)","$11.8","($8.6)"
"Jonathan Lucroy","Angels","C","316.7","279","($19.6)","($19.5)","($5.3)","($14.7)","($3.1)","($62.2)","$52.4","($8.8)"
"Willians Astudillo","Twins","P/C/2B/3B/OF/DH","258.3","217","($20.6)","($21.6)","($3.9)","($14.3)","($2.3)","($62.7)","$52.4","($9.3)"
"Mark Trumbo","Orioles","DH","530.2","575","$1.2","($4.1)","($5.3)","$3.7","($9.2)","($13.6)","$3.1","($9.5)"
"Tim Anderson","White Sox","SS","135.6","626","($5.1)","($4.0)","$8.0","($5.6)","($14.5)","($21.2)","$10.5","($9.7)"
"John Hicks","Tigers","C/1B","396.1","278","($19.2)","($20.4)","($4.6)","($13.5)","($5.6)","($63.3)","$52.4","($9.9)"
"Jonathan Villar","Orioles","2B","78.3","437","($14.4)","($11.0)","$9.5","($10.0)","($4.6)","($30.6)","$19.7","($9.9)"
"Christian Vazquez","Red Sox","C","540.0","274","($20.1)","($19.8)","($3.3)","($15.9)","($4.4)","($63.5)","$52.4","($10.1)"
"Austin Meadows","Rays","OF","186.9","513","($6.4)","($7.5)","$3.2","($6.2)","($6.3)","($23.2)","$11.8","($10.3)"
"Josh Phegley","Athletics","C","596.7","275","($19.7)","($19.7)","($4.7)","($13.5)","($6.2)","($63.8)","$52.4","($10.4)"
"Wilmer Flores","Diamondbacks","1B","397.2","525","($3.0)","($6.8)","($4.9)","($3.2)","($3.9)","($21.8)","$10.3","($10.6)"
"Eduardo Escobar","Diamondbacks","3B/SS","180.2","606","($3.6)","($3.5)","($3.1)","($4.6)","($7.6)","($22.4)","$10.5","($10.9)"
"Ketel Marte","Diamondbacks","2B/SS","222.2","580","($8.3)","($3.3)","($0.8)","($9.8)","($0.4)","($22.5)","$10.5","($11.0)"
"Tyler White","Astros","1B/DH","260.2","511","($5.0)","($6.6)","($4.0)","($3.5)","($3.5)","($22.6)","$10.3","($11.3)"
"Evan Longoria","Giants","3B","464.6","585","($1.6)","($6.2)","($3.7)","($3.4)","($9.3)","($24.2)","$11.8","($11.4)"
"Kevin Plawecki","Indians","C","580.0","239","($20.9)","($21.3)","($5.2)","($14.4)","($3.1)","($64.9)","$52.4","($11.5)"
"Ryan Zimmerman","Nationals","1B","385.2","463","($4.2)","($8.5)","($4.5)","($2.3)","($3.4)","($22.9)","$10.3","($11.7)"
"Chris Taylor","Dodgers","SS/OF","235.3","605","($7.6)","($3.4)","$1.8","($8.1)","($6.1)","($23.4)","$10.5","($11.9)"
"Yan Gomes","Nationals","C","220.1","228","($20.3)","($22.3)","($5.5)","($12.8)","($4.6)","($65.6)","$52.4","($12.2)"
"Peter Alonso","Mets","1B","237.8","476","($4.8)","($8.8)","($4.5)","($0.4)","($5.2)","($23.7)","$10.3","($12.4)"
"Harrison Bader","Cardinals","OF","190.9","550","($6.7)","($7.8)","$3.1","($5.8)","($8.2)","($25.4)","$11.8","($12.6)"
"Austin Wynns","Orioles","C","595.7","274","($20.9)","($20.7)","($4.9)","($14.3)","($5.4)","($66.2)","$52.4","($12.8)"
"Brian McCann","Braves","C","531.5","200","($21.8)","($23.1)","($5.4)","($13.2)","($2.8)","($66.2)","$52.4","($12.8)"
"Ryan O'Hearn","Royals","1B","439.9","567","($3.5)","($6.2)","($4.7)","($1.7)","($8.2)","($24.4)","$10.3","($13.2)"
"DJ LeMahieu","Yankees","2B","266.3","504","($10.6)","($8.1)","($1.4)","($11.2)","($2.7)","($34.0)","$19.7","($13.3)"
"Andrelton Simmons","Angels","SS","241.2","596","($6.1)","($4.5)","$0.7","($10.5)","($4.4)","($24.8)","$10.5","($13.3)"
"Kevin Kiermaier","Rays","OF","363.3","556","($8.4)","($6.1)","$5.0","($7.8)","($8.8)","($26.1)","$11.8","($13.3)"
"Carson Kelly","Diamondbacks","C","494.2","239","($21.9)","($22.4)","($5.3)","($15.2)","($2.8)","($67.6)","$52.4","($14.2)"
"Willy Adames","Rays","SS","244.2","606","($7.2)","($5.4)","$0.9","($8.4)","($5.7)","($25.8)","$10.5","($14.3)"
"Ronald Guzman","Rangers","1B","494.6","543","($4.8)","($6.7)","($4.4)","($4.4)","($5.3)","($25.6)","$10.3","($14.3)"
"Ryan McMahon","Rockies","1B","463.9","515","($5.3)","($7.9)","($2.1)","($6.8)","($3.5)","($25.6)","$10.3","($14.4)"
"Alex Gordon","Royals","OF","560.2","602","($6.7)","($6.5)","($0.3)","($7.1)","($6.6)","($27.3)","$11.8","($14.4)"
"Luke Voit","Yankees","1B","187.3","452","($6.8)","($8.4)","($4.9)","($3.8)","($2.0)","($25.9)","$10.3","($14.6)"
"Odubel Herrera","Phillies","OF","259.3","517","($6.8)","($8.2)","($1.5)","($6.9)","($4.1)","($27.4)","$11.8","($14.6)"
"Mitch Garver","Twins","C","475.7","199","($22.7)","($22.8)","($5.4)","($15.2)","($1.9)","($68.0)","$52.4","($14.6)"
"Marwin Gonzalez","Twins","1B/2B/SS/OF","238.9","514","($6.8)","($7.4)","($2.6)","($6.6)","($2.9)","($26.2)","$10.5","($14.7)"
"Zack Cozart","Angels","3B","538.3","576","($6.2)","($4.1)","($4.0)","($6.1)","($7.1)","($27.5)","$11.8","($14.7)"
"Nick Markakis","Braves","OF","337.8","572","($6.3)","($6.7)","($4.9)","($10.5)","$0.7","($27.7)","$11.8","($14.9)"
"Russell Martin","Dodgers","C/3B","553.2","183","($23.5)","($23.7)","($5.2)","($14.5)","($1.5)","($68.4)","$52.4","($15.0)"
"Ian Happ","Cubs","3B/OF","285.1","443","($9.4)","($10.4)","($0.6)","($4.9)","($2.5)","($27.9)","$11.8","($15.1)"
"Roberto Perez","Indians","C","594.6","213","($22.8)","($22.5)","($4.9)","($15.0)","($3.5)","($68.7)","$52.4","($15.3)"
"Ben Zobrist","Cubs","2B/OF","507.5","462","($11.9)","($10.0)","($3.4)","($11.8)","$0.9","($36.2)","$19.7","($15.5)"
"Kendrys Morales","Blue Jays","DH","533.3","514","($3.5)","($6.2)","($4.4)","($0.6)","($4.9)","($19.6)","$3.1","($15.5)"
"Byron Buxton","Twins","OF","152.4","483","($9.7)","($8.0)","$5.4","($7.4)","($8.6)","($28.3)","$11.8","($15.5)"
"Renato Nunez","Orioles","3B","538.6","546","($4.1)","($7.5)","($4.9)","($1.6)","($10.1)","($28.3)","$11.8","($15.5)"
"Chance Sisco","Orioles","C","492.8","231","($22.8)","($22.7)","($5.0)","($15.4)","($3.1)","($69.0)","$52.4","($15.6)"
"Chris Davis","Orioles","1B","564.2","540","($5.4)","($7.5)","($4.6)","$0.8","($10.4)","($27.0)","$10.3","($15.8)"
"Isiah Kiner-Falefa","Rangers","C/2B/3B","289.3","201","($23.8)","($23.4)","($3.2)","($17.3)","($1.7)","($69.4)","$52.4","($16.0)"
"Max Stassi","Astros","C","575.8","192","($23.0)","($23.0)","($5.2)","($14.5)","($3.8)","($69.5)","$52.4","($16.1)"
"Kyle Seager","Mariners","3B","308.7","501","($5.6)","($8.5)","($4.4)","($3.6)","($7.2)","($29.2)","$11.8","($16.4)"
"Travis d'Arnaud","Mets","C","588.9","184","($22.8)","($24.3)","($5.3)","($14.2)","($3.2)","($69.8)","$52.4","($16.4)"
"Billy Hamilton","Royals","OF","154.4","549","($14.9)","($7.5)","$17.9","($15.3)","($9.6)","($29.5)","$11.8","($16.6)"
"Luis Urias","Padres","2B","433.0","605","($12.4)","($5.3)","($2.7)","($12.2)","($4.7)","($37.4)","$19.7","($16.7)"
"Jeff Mathis","Rangers","C","600.1","275","($21.5)","($21.2)","($5.1)","($15.8)","($6.6)","($70.2)","$52.4","($16.8)"
"Daniel Palka","White Sox","OF/DH","353.5","460","($6.0)","($9.8)","($3.8)","($0.6)","($9.5)","($29.7)","$11.8","($16.9)"
"Kolten Wong","Cardinals","2B","555.2","443","($12.0)","($12.8)","($1.0)","($11.1)","($0.8)","($37.7)","$19.7","($17.0)"
"Hunter Renfroe","Padres","OF","201.4","448","($5.5)","($10.4)","($4.3)","($1.5)","($8.7)","($30.4)","$11.8","($17.6)"
"Tony Wolters","Rockies","C","600.9","193","($24.2)","($24.1)","($4.8)","($17.0)","($1.5)","($71.6)","$52.4","($18.2)"
"Joey Wendle","Rays","2B/3B","214.6","539","($10.5)","($8.7)","$1.1","($12.7)","($9.2)","($40.0)","$19.7","($19.3)"
"Brandon Crawford","Giants","SS","519.0","575","($6.4)","($8.8)","($2.4)","($8.2)","($5.5)","($31.2)","$10.5","($19.7)"
"Joe Panik","Giants","2B","581.9","480","($12.8)","($11.2)","($2.9)","($12.7)","($0.8)","($40.5)","$19.7","($19.8)"
"Amed Rosario","Mets","SS","143.3","559","($9.4)","($9.3)","$7.6","($11.0)","($9.3)","($31.4)","$10.5","($19.9)"
"Victor Caratini","Cubs","C/1B","590.6","152","($24.8)","($25.2)","($5.5)","($16.6)","($1.1)","($73.3)","$52.4","($19.9)"
"Kevan Smith","Angels","C","595.1","158","($24.6)","($25.1)","($5.5)","($16.6)","($2.2)","($73.9)","$52.4","($20.5)"
"Cedric Mullins II","Orioles","OF","290.7","485","($12.5)","($8.2)","$2.4","($9.0)","($6.4)","($33.7)","$11.8","($20.9)"
"Yuli Gurriel","Astros","1B/3B","195.6","485","($6.7)","($9.2)","($3.7)","($9.1)","($5.2)","($33.9)","$11.8","($21.1)"
"Niko Goodrum","Tigers","1B/2B","322.6","442","($12.2)","($12.7)","$0.3","($9.4)","($7.9)","($41.9)","$19.7","($21.2)"
"Enrique Hernandez","Dodgers","2B/SS/OF","327.1","437","($9.1)","($10.7)","($4.1)","($5.9)","($2.9)","($32.8)","$10.5","($21.3)"
"Asdrubal Cabrera","Rangers","2B/3B/SS","228.5","451","($9.2)","($8.8)","($4.9)","($7.3)","($2.7)","($32.8)","$10.5","($21.3)"
"Matt Wieters","Cardinals","C","580.0","142","($25.2)","($26.0)","($5.5)","($16.0)","($2.0)","($74.8)","$52.4","($21.4)"
"Jay Bruce","Mariners","1B/OF","288.0","445","($8.3)","($10.9)","($4.1)","($4.4)","($7.0)","($34.7)","$11.8","($21.8)"
"Austin Romine","Yankees","C","558.0","149","($24.9)","($25.3)","($5.3)","($16.0)","($3.7)","($75.3)","$52.4","($21.9)"
"Elias Diaz","Pirates","C","403.9","138","($25.4)","($26.2)","($5.3)","($16.9)","($1.6)","($75.4)","$52.4","($22.0)"
"Kevin Pillar","Blue Jays","OF","360.1","518","($9.0)","($9.0)","$1.9","($9.2)","($9.6)","($35.0)","$11.8","($22.2)"
"Josh Reddick","Astros","OF","530.3","428","($10.3)","($10.9)","($2.5)","($8.5)","($2.9)","($35.1)","$11.8","($22.2)"
"Chris Herrmann","Athletics","C","594.2","134","($26.1)","($25.9)","($5.2)","($16.6)","($2.1)","($75.8)","$52.4","($22.4)"
"Dustin Pedroia","Red Sox","2B","561.6","413","($14.0)","($12.4)","($3.3)","($13.1)","($0.5)","($43.3)","$19.7","($22.6)"
"Jeff McNeil","Mets","2B","328.9","416","($14.3)","($12.5)","($2.1)","($11.8)","($2.8)","($43.4)","$19.7","($22.7)"
"James McCann","White Sox","C","570.8","157","($25.2)","($25.8)","($5.4)","($16.1)","($3.7)","($76.3)","$52.4","($22.9)"
"Adam Jones","Diamondbacks","OF","394.8","467","($7.7)","($11.1)","($3.8)","($6.4)","($6.8)","($35.9)","$11.8","($23.1)"
"Sandy Leon","Red Sox","C","600.8","152","($25.3)","($25.4)","($5.4)","($16.8)","($3.6)","($76.5)","$52.4","($23.1)"
"Lourdes Gurriel Jr.","Blue Jays","2B/SS","279.0","474","($10.4)","($8.3)","($2.0)","($6.5)","($8.4)","($35.6)","$10.5","($24.0)"
"Blake Swihart","Red Sox","C/OF","566.1","118","($26.7)","($26.6)","($4.5)","($17.5)","($2.1)","($77.5)","$52.4","($24.1)"
"Teoscar Hernandez","Blue Jays","OF","388.1","418","($10.8)","($11.8)","($1.0)","($6.0)","($7.4)","($37.0)","$11.8","($24.2)"
"Steven Souza Jr.","Diamondbacks","OF","309.7","390","($12.7)","($13.1)","($0.9)","($7.7)","($2.5)","($37.0)","$11.8","($24.2)"
"Jason Heyward","Cubs","OF","560.3","483","($10.1)","($11.3)","($3.4)","($11.2)","($1.2)","($37.1)","$11.8","($24.3)"
"David Freitas","Mariners","C","999.0","139","($26.2)","($26.2)","($5.4)","($17.3)","($2.7)","($77.8)","$52.4","($24.4)"
"Billy McKinney","Blue Jays","OF","572.9","436","($11.0)","($9.7)","($4.1)","($6.3)","($6.2)","($37.3)","$11.8","($24.5)"
"Michael Perez","Rays","C","598.8","136","($26.1)","($26.3)","($5.4)","($17.1)","($3.1)","($78.0)","$52.4","($24.6)"
"Scott Schebler","Reds","OF","460.4","403","($10.0)","($12.8)","($3.5)","($5.7)","($5.5)","($37.5)","$11.8","($24.7)"
"Elvis Andrus","Rangers","SS","185.8","488","($10.8)","($9.5)","$1.1","($12.3)","($4.8)","($36.3)","$10.5","($24.8)"
"Yolmer Sanchez","White Sox","3B","557.6","546","($10.0)","($8.4)","$1.1","($11.0)","($9.5)","($37.8)","$11.8","($25.0)"
"Josh Harrison","Tigers","2B","522.4","424","($14.4)","($12.2)","($2.1)","($11.9)","($5.3)","($45.8)","$19.7","($25.1)"
"David Fletcher","Angels","2B/3B","575.0","484","($12.5)","($11.3)","($0.5)","($14.9)","($6.6)","($45.8)","$19.7","($25.1)"
"Gregory Polanco","Pirates","OF","253.6","356","($12.7)","($14.1)","($1.4)","($8.7)","($1.6)","($38.5)","$11.8","($25.7)"
"Mitch Moreland","Red Sox","1B","550.8","403","($9.7)","($11.2)","($5.0)","($7.6)","($3.4)","($37.0)","$10.3","($25.7)"
"Jose Martinez","Cardinals","1B/OF","233.8","391","($12.0)","($12.9)","($4.2)","($10.2)","$0.6","($38.8)","$11.8","($26.0)"
"Manuel Margot","Padres","OF","283.8","465","($12.8)","($12.2)","$3.3","($10.9)","($6.3)","($39.0)","$11.8","($26.1)"
"Nick Senzel","Reds","3B","196.6","370","($13.2)","($13.6)","($0.5)","($10.5)","($1.2)","($39.0)","$11.8","($26.2)"
"Luke Maile","Blue Jays","C","599.5","121","($27.0)","($26.9)","($5.2)","($17.5)","($3.0)","($79.6)","$52.4","($26.2)"
"Manny Pina","Brewers","C","550.6","97","($27.3)","($27.9)","($5.5)","($17.4)","($1.5)","($79.7)","$52.4","($26.3)"
"Colin Moran","Pirates","3B","538.4","451","($11.0)","($12.0)","($4.5)","($9.2)","($3.1)","($39.8)","$11.8","($27.0)"
"Jose Trevino","Rangers","C","601.0","115","($27.1)","($27.3)","($5.4)","($17.7)","($3.1)","($80.6)","$52.4","($27.2)"
"John Ryan Murphy","Diamondbacks","C","999.0","101","($27.3)","($27.9)","($5.6)","($17.2)","($2.6)","($80.6)","$52.4","($27.2)"
"Bobby Wilson","Tigers","C","999.0","109","($27.4)","($27.6)","($5.4)","($17.4)","($3.3)","($81.0)","$52.4","($27.6)"
"Andrew Knapp","Phillies","C","600.8","90","($28.0)","($28.3)","($5.5)","($17.8)","($1.5)","($81.1)","$52.4","($27.7)"
"Reese McGuire","Blue Jays","C","599.8","85","($28.2)","($28.2)","($5.1)","($17.8)","($1.8)","($81.1)","$52.4","($27.8)"
"Nick Ahmed","Diamondbacks","SS","538.0","555","($8.4)","($10.3)","($1.1)","($8.2)","($11.3)","($39.3)","$10.5","($27.8)"
"Cam Gallagher","Royals","C","595.4","89","($28.1)","($28.2)","($5.5)","($18.1)","($1.4)","($81.3)","$52.4","($28.0)"
"Evan Gattis","","DH","586.7","424","($6.9)","($11.5)","($4.9)","($2.0)","($6.8)","($32.1)","$3.1","($28.0)"
"Albert Pujols","Angels","1B/DH","540.2","421","($8.6)","($12.1)","($5.1)","($5.7)","($7.9)","($39.3)","$10.3","($28.0)"
"Chad Wallach","Marlins","C","600.8","115","($27.5)","($27.9)","($5.5)","($17.4)","($3.1)","($81.4)","$52.4","($28.0)"
"Rene Rivera","Giants","C","999.0","89","($27.7)","($28.5)","($5.5)","($17.1)","($2.6)","($81.5)","$52.4","($28.1)"
"Brett Gardner","Yankees","OF","410.3","398","($15.8)","($11.4)","$0.1","($11.7)","($2.4)","($41.2)","$11.8","($28.4)"
"Steven Duggar","Giants","OF","540.3","559","($15.2)","($7.9)","$3.7","($13.6)","($8.5)","($41.4)","$11.8","($28.6)"
"Tom Murphy","Rockies","C","589.0","60","($28.5)","($29.1)","($5.4)","($17.5)","($1.6)","($82.1)","$52.4","($28.7)"
"Dansby Swanson","Braves","SS","482.5","473","($11.5)","($12.7)","($1.0)","($10.6)","($4.5)","($40.3)","$10.5","($28.7)"
"Nick Hundley","Athletics","C","593.4","61","($28.7)","($29.1)","($5.6)","($17.9)","($1.4)","($82.7)","$52.4","($29.3)"
"Orlando Arcia","Brewers","SS","502.0","507","($11.2)","($11.4)","$1.3","($11.0)","($8.8)","($41.0)","$10.5","($29.5)"
"Meibrys Viloria","Royals","C","999.0","72","($28.8)","($28.9)","($5.5)","($18.3)","($1.4)","($82.9)","$52.4","($29.5)"
"Brandon Lowe","Rays","2B","518.8","303","($16.7)","($17.2)","($3.5)","($10.6)","($2.3)","($50.2)","$19.7","($29.5)"
"Jose Briceno","Angels","C","999.0","59","($28.8)","($29.3)","($5.4)","($17.8)","($1.9)","($83.3)","$52.4","($29.9)"
"Ji-Man Choi","Rays","DH","550.5","437","($9.8)","($11.1)","($4.1)","($7.0)","($2.2)","($34.2)","$3.1","($30.1)"
"Steve Pearce","Red Sox","1B/DH","562.6","323","($13.0)","($14.4)","($5.3)","($8.3)","($0.3)","($41.4)","$10.3","($30.1)"
"Neil Walker","Marlins","1B/2B/3B","556.9","362","($15.7)","($17.1)","($5.1)","($10.6)","($2.5)","($50.9)","$19.7","($30.2)"
"Garrett Hampson","Rockies","2B/SS/OF","181.3","348","($17.9)","($14.1)","$4.7","($14.9)","$0.5","($41.8)","$10.5","($30.2)"
"Erik Kratz","Brewers","C","999.0","48","($29.3)","($29.8)","($5.7)","($18.1)","($1.1)","($84.0)","$52.4","($30.6)"
"Logan Morrison","","1B/DH","598.5","364","($12.4)","($14.4)","($4.9)","($6.3)","($3.9)","($42.0)","$10.3","($30.7)"
"Lewis Brinson","Marlins","OF","428.2","497","($10.5)","($12.2)","($2.0)","($7.3)","($11.8)","($43.8)","$11.8","($31.0)"
"Willie Calhoun","Rangers","OF","496.0","378","($12.4)","($13.9)","($4.6)","($9.2)","($4.0)","($44.1)","$11.8","($31.3)"
"Devin Mesoraco","Mets","C","597.3","30","($30.0)","($30.4)","($5.8)","($18.3)","($0.5)","($85.1)","$52.4","($31.7)"
"Jhonatan Solano","","C","999.0","54","($29.5)","($29.8)","($5.6)","($18.6)","($1.6)","($85.2)","$52.4","($31.8)"
"Jordan Luplow","Indians","OF","597.0","360","($14.4)","($14.1)","($2.2)","($10.1)","($3.9)","($44.7)","$11.8","($31.8)"
"Curt Casali","Reds","C","596.4","33","($30.1)","($30.4)","($5.8)","($18.5)","($0.5)","($85.3)","$52.4","($31.9)"
"Curtis Granderson","Marlins","OF/DH","584.8","434","($14.6)","($13.8)","($3.8)","($9.1)","($3.6)","($44.8)","$11.8","($31.9)"
"Kyle Higashioka","Yankees","C","999.0","30","($30.1)","($30.4)","($5.7)","($18.5)","($0.8)","($85.5)","$52.4","($32.1)"
"Eric Haase","Indians","C/DH","999.0","30","($30.1)","($30.4)","($5.7)","($18.4)","($1.0)","($85.7)","$52.4","($32.3)"
"Andrew Knizner","Cardinals","C","596.4","31","($30.2)","($30.5)","($5.8)","($18.8)","($0.4)","($85.7)","$52.4","($32.3)"
"Garrett Stubbs","Astros","C","999.0","31","($30.3)","($30.5)","($5.6)","($18.9)","($0.5)","($85.9)","$52.4","($32.5)"
"Raffy Lopez","Braves","C","999.0","32","($30.2)","($30.5)","($5.8)","($18.6)","($0.8)","($85.9)","$52.4","($32.5)"
"Jacob Stallings","Pirates","C","999.0","30","($30.3)","($30.6)","($5.7)","($18.9)","($0.6)","($86.2)","$52.4","($32.8)"
"Delino DeShields","Rangers","OF","367.8","373","($19.6)","($14.0)","$6.4","($15.5)","($2.9)","($45.6)","$11.8","($32.8)"
"Keibert Ruiz","Dodgers","C","598.5","25","($30.4)","($30.7)","($5.8)","($18.8)","($0.5)","($86.2)","$52.4","($32.8)"
"Freddy Galvis","Blue Jays","SS","561.8","484","($12.0)","($11.3)","($0.6)","($11.0)","($9.7)","($44.6)","$10.5","($33.1)"
"Dexter Fowler","Cardinals","OF","551.6","366","($16.4)","($14.6)","($2.2)","($12.0)","($0.8)","($46.0)","$11.8","($33.2)"
"Tyler Naquin","Indians","OF","584.5","382","($13.9)","($14.3)","($2.9)","($11.4)","($3.7)","($46.1)","$11.8","($33.3)"
"Albert Almora Jr.","Cubs","OF","573.5","461","($11.8)","($12.8)","($3.8)","($12.1)","($5.8)","($46.2)","$11.8","($33.4)"
"Leonys Martin","Indians","OF","395.4","372","($16.3)","($13.9)","$1.1","($11.7)","($5.7)","($46.5)","$11.8","($33.6)"
"Justin Bour","Angels","1B","446.9","307","($14.6)","($15.9)","($5.2)","($8.3)","($1.2)","($45.2)","$10.3","($33.9)"
"Johan Camargo","Braves","3B","425.2","391","($12.9)","($14.9)","($4.9)","($10.6)","($3.7)","($47.1)","$11.8","($34.3)"
"Ryon Healy","Mariners","1B","496.5","397","($11.1)","($14.4)","($5.4)","($6.4)","($8.4)","($45.8)","$10.3","($34.5)"
"Keon Broxton","Mets","OF","545.0","410","($16.5)","($15.9)","$6.1","($10.7)","($10.8)","($47.7)","$11.8","($34.9)"
"Devon Travis","Blue Jays","2B","594.2","303","($17.6)","($17.4)","($3.3)","($12.4)","($4.9)","($55.6)","$19.7","($34.9)"
"Ian Kinsler","Padres","2B","468.5","305","($20.2)","($17.6)","($0.8)","($12.9)","($4.2)","($55.8)","$19.7","($35.1)"
"Matt Duffy","Rays","3B","547.4","394","($15.7)","($15.1)","($1.1)","($14.3)","($2.0)","($48.2)","$11.8","($35.4)"
"Franchy Cordero","Padres","OF","461.9","340","($15.8)","($16.3)","($0.4)","($10.0)","($6.0)","($48.5)","$11.8","($35.6)"
"Scott Kingery","Phillies","SS","442.3","421","($14.1)","($13.9)","$0.8","($11.1)","($9.3)","($47.6)","$10.5","($36.1)"
"JaCoby Jones","Tigers","OF","592.4","400","($15.3)","($14.9)","$1.2","($11.2)","($9.8)","($49.9)","$11.8","($37.1)"
"Michael A. Taylor","Nationals","OF","522.3","318","($17.5)","($18.2)","$4.0","($12.1)","($6.4)","($50.1)","$11.8","($37.3)"
"Hunter Dozier","Royals","1B/3B","554.8","427","($13.5)","($14.5)","($3.3)","($10.4)","($8.4)","($50.1)","$11.8","($37.4)"
"Eric Thames","Brewers","1B/OF","509.5","258","($17.5)","($18.7)","($3.6)","($9.3)","($1.8)","($50.9)","$11.8","($38.0)"
"Matt Kemp","Reds","OF","309.5","281","($15.0)","($18.1)","($5.5)","($9.2)","($3.3)","($51.1)","$11.8","($38.3)"
"Todd Frazier","Mets","3B","566.4","299","($16.6)","($18.4)","($3.2)","($8.9)","($4.3)","($51.4)","$11.8","($38.6)"
"Avisail Garcia","Rays","OF","392.9","318","($15.5)","($17.2)","($4.1)","($10.4)","($4.4)","($51.7)","$11.8","($38.8)"
"Erik Gonzalez","Pirates","2B/3B","594.3","331","($18.1)","($18.6)","($1.7)","($14.3)","($7.1)","($59.8)","$19.7","($39.2)"
"Eduardo Nunez","Red Sox","2B/3B","476.3","238","($19.9)","($20.5)","($2.0)","($14.8)","($2.7)","($59.9)","$19.7","($39.2)"
"Jedd Gyorko","Cardinals","3B","584.7","305","($16.0)","($18.0)","($4.7)","($10.2)","($3.1)","($52.0)","$11.8","($39.2)"
"D.J. Stewart","Orioles","OF/DH","591.5","303","($18.1)","($18.1)","($1.6)","($11.4)","($3.1)","($52.3)","$11.8","($39.5)"
"J.P. Crawford","Mariners","SS","567.2","387","($16.3)","($15.5)","($2.9)","($12.4)","($4.1)","($51.2)","$10.5","($39.6)"
"Mac Williamson","Giants","OF","566.7","375","($14.6)","($17.0)","($3.8)","($9.1)","($8.0)","($52.5)","$11.8","($39.7)"
"Fernando Tatis Jr.","Padres","SS","281.2","336","($17.4)","($17.3)","$0.0","($11.5)","($7.1)","($53.2)","$10.5","($41.7)"
"Tyler O'Neill","Cardinals","OF","378.9","230","($17.6)","($20.2)","($4.2)","($9.3)","($3.6)","($54.7)","$11.8","($41.9)"
"Yandy Diaz","Rays","1B/3B/DH","508.6","331","($19.0)","($17.6)","($4.4)","($15.8)","$2.1","($54.9)","$11.8","($42.1)"
"Kyle Tucker","Astros","OF","302.0","240","($18.9)","($19.7)","($1.8)","($11.9)","($2.8)","($55.2)","$11.8","($42.3)"
"Matt Adams","Nationals","1B","563.3","269","($16.4)","($19.0)","($5.4)","($9.5)","($3.3)","($53.6)","$10.3","($42.3)"
"Franklin Barreto","Athletics","2B","551.7","230","($21.0)","($21.2)","($3.2)","($13.2)","($5.0)","($63.5)","$19.7","($42.8)"
"Tony Kemp","Astros","OF","596.7","293","($19.8)","($18.2)","($0.1)","($16.1)","($1.6)","($55.8)","$11.8","($43.0)"
"Greg Allen","Indians","OF","295.3","297","($20.6)","($18.7)","$3.6","($16.4)","($3.8)","($56.0)","$11.8","($43.1)"
"Yangervis Solarte","Giants","2B/3B","560.3","236","($20.6)","($21.8)","($5.0)","($14.1)","($3.1)","($64.6)","$19.7","($44.0)"
"Denard Span","","OF","599.9","280","($20.4)","($18.1)","($2.4)","($14.1)","($2.0)","($57.0)","$11.8","($44.2)"
"Jordy Mercer","Tigers","SS","589.8","344","($17.3)","($16.8)","($4.8)","($13.3)","($3.6)","($55.9)","$10.5","($44.3)"
"Didi Gregorius","Yankees","SS","398.3","247","($18.2)","($19.3)","($3.6)","($11.9)","($2.9)","($55.9)","$10.5","($44.4)"
"Jung Ho Kang","Pirates","3B","497.3","225","($19.2)","($21.0)","($4.4)","($11.9)","($0.7)","($57.2)","$11.8","($44.4)"
"Austin Slater","Giants","1B/OF","599.7","317","($19.0)","($19.3)","($2.2)","($14.6)","($2.9)","($57.9)","$11.8","($45.1)"
"Addison Russell","Cubs","SS","571.2","306","($17.5)","($19.0)","($4.5)","($12.7)","($3.0)","($56.7)","$10.5","($45.2)"
"Chad Pinder","Athletics","2B/OF","526.8","213","($21.6)","($22.2)","($4.9)","($13.7)","($3.7)","($66.0)","$19.7","($45.3)"
"Adam Engel","White Sox","OF","587.8","350","($18.9)","($17.8)","$1.8","($14.0)","($9.4)","($58.2)","$11.8","($45.4)"
"Joey Rickard","Orioles","OF","999.0","328","($19.4)","($17.9)","($2.3)","($14.3)","($4.4)","($58.3)","$11.8","($45.5)"
"Austin Dean","Marlins","OF","599.0","307","($18.2)","($19.7)","($4.7)","($13.2)","($3.3)","($59.0)","$11.8","($46.2)"
"Chris Owings","Royals","OF","583.3","301","($19.8)","($19.4)","$0.1","($15.2)","($5.5)","($59.7)","$11.8","($46.9)"
"Daniel Descalso","Cubs","2B/3B","597.5","203","($23.0)","($22.8)","($5.2)","($15.4)","($1.3)","($67.7)","$19.7","($47.0)"
"Nathaniel Lowe","Rays","1B","564.8","236","($19.6)","($20.2)","($5.2)","($12.3)","($1.2)","($58.5)","$10.3","($47.2)"
"Alex Verdugo","Dodgers","OF","492.5","257","($19.9)","($20.3)","($3.9)","($14.1)","($2.0)","($60.2)","$11.8","($47.4)"
"Mikie Mahtook","Tigers","OF","600.2","266","($19.5)","($19.8)","($3.3)","($13.0)","($4.6)","($60.2)","$11.8","($47.4)"
"Daniel Robertson","Rays","2B/SS","567.5","283","($20.1)","($19.3)","($4.4)","($14.2)","($1.0)","($59.1)","$10.5","($47.5)"
"Tim Beckham","Mariners","3B/SS","554.1","326","($17.4)","($18.5)","($4.1)","($11.8)","($7.3)","($59.1)","$10.5","($47.6)"
"Brett Phillips","Royals","OF","598.5","343","($18.6)","($18.5)","($2.2)","($13.2)","($8.3)","($60.8)","$11.8","($48.0)"
"Brock Holt","Red Sox","2B/SS","585.7","269","($20.6)","($19.7)","($2.5)","($16.3)","($0.7)","($59.7)","$10.5","($48.1)"
"Wilmer Difo","Nationals","2B/3B","594.3","218","($22.8)","($23.5)","($2.7)","($16.6)","($3.2)","($68.8)","$19.7","($48.1)"
"Troy Tulowitzki","Yankees","SS","496.0","241","($19.2)","($20.3)","($5.0)","($11.9)","($3.3)","($59.8)","$10.5","($48.3)"
"Adam Duvall","Braves","OF","583.3","248","($18.7)","($20.9)","($4.6)","($11.4)","($5.7)","($61.2)","$11.8","($48.3)"
"Brandon Drury","Blue Jays","1B/2B/3B/SS/DH","583.1","301","($18.8)","($19.1)","($4.7)","($13.5)","($4.6)","($60.7)","$10.5","($49.2)"
"Peter O'Brien","Marlins","1B/OF","572.9","289","($18.2)","($20.4)","($5.4)","($9.6)","($9.4)","($63.0)","$11.8","($50.2)"
"Lonnie Chisenhall","Pirates","OF","572.7","239","($20.5)","($21.7)","($4.4)","($14.2)","($2.4)","($63.3)","$11.8","($50.5)"
"J.T. Riddle","Marlins","SS","597.2","351","($18.0)","($19.2)","($4.0)","($13.6)","($7.4)","($62.2)","$10.5","($50.7)"
"Gerardo Parra","Giants","OF","582.5","302","($19.7)","($20.7)","($2.6)","($15.6)","($4.9)","($63.6)","$11.8","($50.7)"
"Greg Bird","Yankees","1B","507.3","203","($20.9)","($21.5)","($5.4)","($11.9)","($2.5)","($62.3)","$10.3","($51.0)"
"Howie Kendrick","Nationals","2B","600.3","145","($25.2)","($25.0)","($4.2)","($16.9)","($0.6)","($72.0)","$19.7","($51.3)"
"Roman Quinn","Phillies","OF","536.8","200","($23.6)","($22.9)","$1.5","($16.4)","($3.1)","($64.5)","$11.8","($51.6)"
"Dan Vogelbach","Mariners","1B","594.2","195","($21.7)","($22.4)","($5.5)","($13.4)","$0.0","($63.0)","$10.3","($51.7)"
"Raimel Tapia","Rockies","OF/DH","540.7","204","($22.5)","($22.3)","($1.9)","($16.5)","($1.8)","($64.9)","$11.8","($52.1)"
"Jose Pirela","Padres","2B/OF","600.9","158","($25.1)","($25.1)","($4.4)","($16.8)","($2.1)","($73.5)","$19.7","($52.8)"
"Derek Dietrich","Reds","1B/OF","572.1","201","($21.8)","($22.9)","($5.4)","($14.0)","($1.9)","($66.0)","$11.8","($53.2)"
"Pablo Reyes","Pirates","2B/3B/OF","999.0","133","($26.1)","($26.0)","($3.4)","($17.1)","($1.5)","($74.1)","$19.7","($53.4)"
"Juan Lagares","Mets","OF","599.6","264","($21.3)","($22.1)","($2.1)","($16.0)","($4.8)","($66.3)","$11.8","($53.4)"
"Brian Goodwin","Royals","OF","599.3","215","($22.7)","($22.4)","($3.2)","($14.5)","($4.0)","($66.7)","$11.8","($53.9)"
"Hernan Perez","Brewers","2B/3B/SS/OF","463.0","216","($21.7)","($22.6)","($1.7)","($14.9)","($4.8)","($65.6)","$10.5","($54.1)"
"Jose Bautista","","3B/OF","999.0","175","($24.0)","($23.4)","($4.7)","($14.5)","($0.9)","($67.5)","$11.8","($54.7)"
"Alen Hanson","Giants","2B/OF","582.3","132","($26.2)","($26.5)","($2.9)","($17.2)","($2.8)","($75.6)","$19.7","($54.9)"
"Martin Prado","Marlins","3B","600.1","266","($22.1)","($21.2)","($4.8)","($15.9)","($3.6)","($67.7)","$11.8","($55.0)"
"Nicky Delmonico","White Sox","OF","599.6","187","($23.0)","($23.2)","($5.0)","($14.5)","($2.3)","($67.9)","$11.8","($55.1)"
"Nick Martini","Athletics","OF","588.1","234","($23.9)","($21.0)","($4.7)","($17.0)","($1.5)","($68.1)","$11.8","($55.3)"
"Greg Garcia","Padres","2B","999.0","143","($26.8)","($26.2)","($4.7)","($18.0)","($0.6)","($76.2)","$19.7","($55.5)"
"Jake Cave","Twins","OF","570.0","196","($22.8)","($23.0)","($4.5)","($15.0)","($3.2)","($68.5)","$11.8","($55.7)"
"Yairo Munoz","Cardinals","2B/3B/SS/OF","527.3","198","($22.7)","($23.5)","($3.3)","($15.4)","($2.7)","($67.5)","$10.5","($56.0)"
"Dustin Fowler","Athletics","OF","575.4","166","($24.1)","($23.7)","($2.3)","($15.7)","($3.3)","($69.1)","$11.8","($56.3)"
"Matt Holliday","","1B/OF/DH","999.0","175","($23.3)","($23.8)","($5.5)","($14.8)","($1.7)","($69.1)","$11.8","($56.3)"
"Jon Jay","White Sox","OF","592.0","256","($23.9)","($20.9)","($4.2)","($17.4)","($3.1)","($69.5)","$11.8","($56.7)"
"Jose Iglesias","Reds","SS","589.5","223","($22.7)","($22.8)","($2.3)","($17.0)","($3.5)","($68.2)","$10.5","($56.7)"
"David Freese","Dodgers","1B/3B","591.2","175","($23.4)","($24.0)","($5.6)","($15.2)","($1.6)","($69.7)","$11.8","($56.9)"
"Leury Garcia","White Sox","OF","595.3","200","($23.9)","($23.4)","($2.2)","($16.3)","($3.9)","($69.9)","$11.8","($57.0)"
"Jorge Bonifacio","Royals","OF","599.9","194","($23.4)","($23.8)","($5.3)","($15.3)","($2.7)","($70.5)","$11.8","($57.6)"
"Mark Canha","Athletics","OF","596.5","160","($24.0)","($24.2)","($5.1)","($15.0)","($2.2)","($70.5)","$11.8","($57.7)"
"Chris Young","","OF","999.0","167","($23.8)","($24.5)","($4.5)","($14.8)","($3.0)","($70.6)","$11.8","($57.7)"
"David Bote","Cubs","3B","597.4","162","($23.7)","($24.9)","($4.5)","($15.3)","($2.3)","($70.7)","$11.8","($57.9)"
"Kevin Newman","Pirates","SS","595.5","212","($23.7)","($24.2)","($1.4)","($17.8)","($2.9)","($70.0)","$10.5","($58.5)"
"Jake Marisnick","Astros","OF","599.8","161","($24.3)","($24.4)","($3.0)","($15.2)","($4.4)","($71.4)","$11.8","($58.5)"
"Robbie Grossman","Athletics","OF/DH","595.3","158","($25.3)","($24.4)","($5.4)","($17.0)","$0.4","($71.5)","$11.8","($58.7)"
"Bradley Zimmer","Indians","OF","561.0","143","($25.5)","($25.1)","($2.3)","($16.3)","($2.4)","($71.6)","$11.8","($58.8)"
"Christian Walker","Diamondbacks","1B/OF/DH","594.5","152","($24.0)","($25.0)","($5.2)","($14.7)","($2.9)","($71.7)","$11.8","($58.8)"
"Kevin Kramer","Pirates","2B/3B","598.0","91","($27.7)","($28.0)","($4.8)","($17.7)","($1.5)","($79.6)","$19.7","($58.9)"
"Matt Davidson","Rangers","1B/DH","594.5","169","($23.1)","($24.1)","($5.7)","($13.8)","($3.5)","($70.2)","$10.3","($59.0)"
"Phillip Ervin","Reds","OF","599.2","141","($25.3)","($25.8)","($2.7)","($16.3)","($1.9)","($72.0)","$11.8","($59.2)"
"Logan Forsythe","Rangers","2B","999.0","81","($28.4)","($28.0)","($5.4)","($18.1)","($0.2)","($80.1)","$19.7","($59.4)"
"Taylor Ward","Angels","3B","593.3","148","($25.2)","($25.0)","($4.5)","($16.0)","($1.7)","($72.4)","$11.8","($59.6)"
"Aaron Altherr","Phillies","OF","600.6","146","($24.9)","($25.2)","($4.5)","($15.7)","($2.2)","($72.5)","$11.8","($59.6)"
"Alex Blandino","Reds","2B","601.0","90","($27.9)","($28.3)","($5.4)","($17.8)","($1.1)","($80.4)","$19.7","($59.7)"
"Michael Hermosillo","Angels","OF","999.0","149","($25.4)","($25.2)","($3.2)","($16.5)","($2.9)","($73.1)","$11.8","($60.3)"
"Cory Spangenberg","Brewers","2B/3B","599.1","75","($28.3)","($28.6)","($5.0)","($17.9)","($1.2)","($81.0)","$19.7","($60.3)"
"Miguel Rojas","Marlins","1B/3B/SS","587.7","206","($24.1)","($24.4)","($4.4)","($16.8)","($2.7)","($72.4)","$10.5","($60.9)"
"Melky Cabrera","Pirates","OF","598.7","141","($25.1)","($25.5)","($5.3)","($16.8)","($1.0)","($73.7)","$11.8","($60.9)"
"Garrett Cooper","Marlins","1B/OF","999.0","169","($24.6)","($25.4)","($5.3)","($16.3)","($2.2)","($73.8)","$11.8","($60.9)"
"Jarrod Dyson","Diamondbacks","OF","586.1","127","($27.1)","($26.5)","($1.3)","($18.1)","($1.1)","($74.0)","$11.8","($61.2)"
"Brad Miller","Dodgers","1B/2B","999.0","61","($28.7)","($29.0)","($5.6)","($17.7)","($1.0)","($81.9)","$19.7","($61.2)"
"Max Moroff","Indians","2B/SS","999.0","149","($25.5)","($24.9)","($4.7)","($16.3)","($1.5)","($72.9)","$10.5","($61.4)"
"Brandon Phillips","","2B/3B","999.0","71","($28.7)","($28.8)","($5.2)","($18.3)","($1.4)","($82.3)","$19.7","($61.6)"
"Austin Jackson","","OF","999.0","180","($25.4)","($24.6)","($4.6)","($17.4)","($2.9)","($74.9)","$11.8","($62.1)"
"Yoenis Cespedes","Mets","OF","537.4","98","($26.0)","($26.9)","($5.4)","($15.5)","($1.1)","($74.9)","$11.8","($62.1)"
"Victor Reyes","Tigers","OF/DH","600.8","156","($25.5)","($25.6)","($2.9)","($17.8)","($3.2)","($75.0)","$11.8","($62.2)"
"Tommy La Stella","Angels","3B","999.0","156","($25.7)","($25.0)","($5.1)","($17.6)","($1.5)","($75.0)","$11.8","($62.2)"
"Ronald Torreyes","Twins","2B","999.0","70","($28.8)","($28.9)","($5.5)","($18.8)","($1.1)","($83.1)","$19.7","($62.4)"
"Rio Ruiz","Orioles","3B","999.0","136","($25.8)","($26.0)","($5.3)","($16.4)","($1.9)","($75.5)","$11.8","($62.7)"
"Aledmys Diaz","Astros","3B/SS","534.3","117","($25.5)","($26.0)","($5.0)","($16.2)","($1.6)","($74.3)","$10.5","($62.7)"
"Nick Williams","Phillies","OF","552.8","107","($25.9)","($26.8)","($5.2)","($16.0)","($1.7)","($75.6)","$11.8","($62.8)"
"Noel Cuevas","Rockies","OF","999.0","121","($26.1)","($26.5)","($4.5)","($17.3)","($1.5)","($75.9)","$11.8","($63.0)"
"Richie Martin","Orioles","SS","585.5","167","($25.7)","($25.3)","($2.7)","($17.6)","($3.3)","($74.7)","$10.5","($63.1)"
"Clint Frazier","Yankees","OF/DH","550.9","96","($26.7)","($26.9)","($4.9)","($16.4)","($1.2)","($76.0)","$11.8","($63.2)"
"Drew Jackson","Orioles","2B/SS","999.0","147","($26.2)","($25.9)","($3.0)","($17.0)","($2.8)","($74.9)","$10.5","($63.4)"
"Jose Reyes","","3B/SS","999.0","124","($26.4)","($26.3)","($3.6)","($17.1)","($1.9)","($75.4)","$10.5","($63.8)"
"Jose Rondon","White Sox","1B/2B/3B/SS/DH","999.0","130","($25.7)","($26.2)","($4.4)","($16.2)","($3.2)","($75.6)","$10.5","($64.1)"
"Dylan Moore","Mariners","1B","999.0","147","($25.9)","($25.9)","($3.2)","($17.0)","($3.5)","($75.4)","$10.3","($64.1)"
"Cameron Maybin","Giants","OF","597.9","111","($27.6)","($27.3)","($3.3)","($18.0)","($0.9)","($77.0)","$11.8","($64.2)"
"Adrian Sanchez","Nationals","2B/3B","999.0","46","($29.7)","($30.0)","($5.2)","($18.9)","($1.1)","($85.0)","$19.7","($64.3)"
"Tyler Austin","Twins","1B/DH","586.3","101","($26.1)","($26.8)","($5.4)","($15.7)","($1.6)","($75.7)","$10.3","($64.4)"
"Guillermo Heredia","Rays","OF","999.0","121","($27.0)","($26.7)","($4.8)","($17.8)","($0.9)","($77.2)","$11.8","($64.4)"
"Ben Gamel","Brewers","OF","597.8","111","($27.1)","($27.0)","($4.6)","($17.9)","($0.6)","($77.2)","$11.8","($64.4)"
"Christian Arroyo","Rays","2B/3B/DH","600.2","33","($30.1)","($30.4)","($5.6)","($18.8)","($0.5)","($85.3)","$19.7","($64.6)"
"Kyle Farmer","Reds","3B","999.0","136","($25.9)","($26.4)","($5.3)","($17.4)","($2.5)","($77.5)","$11.8","($64.7)"
"Luis Guillorme","Mets","2B/3B","999.0","40","($30.1)","($30.3)","($5.6)","($19.0)","($0.4)","($85.6)","$19.7","($64.9)"
"Alcides Escobar","Orioles","3B/SS","597.1","189","($25.1)","($24.9)","($4.1)","($17.6)","($4.7)","($76.4)","$10.5","($64.9)"
"Andy Young","Diamondbacks","2B","999.0","28","($30.2)","($30.6)","($5.7)","($18.6)","($0.4)","($85.6)","$19.7","($64.9)"
"Ramon Urias","Cardinals","2B","999.0","27","($30.3)","($30.6)","($5.7)","($18.8)","($0.4)","($85.8)","$19.7","($65.1)"
"Mike Tauchman","Rockies","OF","600.4","91","($27.6)","($27.6)","($4.4)","($17.9)","($0.5)","($78.0)","$11.8","($65.2)"
"Jose Osuna","Pirates","1B/3B/OF","999.0","92","($27.1)","($27.7)","($5.2)","($17.3)","($1.1)","($78.3)","$11.8","($65.5)"
"Andrew Toles","Dodgers","OF","600.9","106","($27.0)","($27.3)","($4.8)","($17.3)","($2.2)","($78.6)","$11.8","($65.8)"
"Travis Jankowski","Padres","OF","563.0","100","($28.6)","($27.5)","($2.9)","($18.5)","($1.1)","($78.6)","$11.8","($65.8)"
"Brandon Dixon","Tigers","1B/OF","999.0","92","($27.3)","($27.7)","($4.5)","($17.1)","($2.0)","($78.7)","$11.8","($65.8)"
"Charlie Culberson","Braves","3B/SS/OF","584.9","135","($26.0)","($26.5)","($4.7)","($17.1)","($3.2)","($77.5)","$10.5","($66.0)"
"Pablo Sandoval","Giants","1B/3B","600.8","102","($26.9)","($27.8)","($5.6)","($16.9)","($2.0)","($79.2)","$11.8","($66.4)"
"Steve Wilkerson","Orioles","2B/3B/SS","999.0","143","($26.5)","($26.4)","($4.5)","($17.5)","($3.1)","($78.1)","$10.5","($66.6)"
"Rosell Herrera","Marlins","OF","999.0","111","($27.7)","($27.7)","($3.9)","($18.3)","($1.8)","($79.5)","$11.8","($66.6)"
"Chris Shaw","Giants","OF","600.3","108","($26.7)","($27.7)","($5.6)","($16.6)","($2.9)","($79.5)","$11.8","($66.7)"
"Pat Valaika","Rockies","1B/2B/3B/SS","999.0","101","($26.7)","($27.4)","($5.2)","($16.9)","($2.5)","($78.7)","$10.5","($67.2)"
"Austin Riley","Braves","3B","581.3","75","($27.8)","($28.4)","($5.7)","($17.1)","($1.2)","($80.2)","$11.8","($67.4)"
"Zack Granite","Rangers","OF","601.0","80","($28.6)","($28.4)","($4.0)","($18.6)","($0.9)","($80.4)","$11.8","($67.6)"
"Ehire Adrianza","Twins","3B/SS","600.9","96","($27.7)","($27.6)","($4.8)","($18.0)","($1.3)","($79.3)","$10.5","($67.8)"
"Derek Fisher","Astros","OF","600.6","65","($28.5)","($28.6)","($4.8)","($17.5)","($1.3)","($80.7)","$11.8","($67.9)"
"Drew Ferguson","Giants","OF","999.0","86","($28.4)","($28.5)","($4.8)","($18.3)","($0.9)","($80.9)","$11.8","($68.0)"
"Jacoby Ellsbury","Yankees","OF","999.0","70","($28.8)","($28.4)","($4.5)","($18.3)","($1.0)","($81.0)","$11.8","($68.2)"
"Andrew Romine","","P/1B/2B/3B/SS/OF","999.0","132","($27.0)","($27.0)","($4.6)","($18.1)","($3.2)","($79.9)","$10.5","($68.4)"
"Magneuris Sierra","Marlins","OF","600.7","129","($27.6)","($27.9)","($3.5)","($18.6)","($3.6)","($81.2)","$11.8","($68.4)"
"J.D. Davis","Mets","3B","592.8","67","($28.3)","($28.9)","($5.6)","($17.4)","($1.2)","($81.5)","$11.8","($68.7)"
"Mitch Walding","Phillies","3B","999.0","73","($28.4)","($28.7)","($5.6)","($17.3)","($1.5)","($81.5)","$11.8","($68.7)"
"Patrick Wisdom","Rangers","1B/3B","599.2","65","($28.5)","($28.8)","($5.2)","($17.5)","($1.5)","($81.5)","$11.8","($68.8)"
"Ronny Rodriguez","Tigers","SS","999.0","79","($27.9)","($28.4)","($4.8)","($17.6)","($1.7)","($80.3)","$10.5","($68.8)"
"Socrates Brito","Diamondbacks","OF","999.0","73","($28.4)","($28.8)","($5.0)","($17.9)","($1.5)","($81.6)","$11.8","($68.8)"
"Anthony Alford","Blue Jays","OF/DH","598.1","74","($28.9)","($28.7)","($4.4)","($18.4)","($1.5)","($81.8)","$11.8","($69.0)"
"Jace Peterson","","3B/OF","999.0","66","($29.2)","($29.0)","($4.6)","($18.6)","($0.6)","($82.0)","$11.8","($69.2)"
"Preston Tucker","White Sox","OF","999.0","58","($28.8)","($29.1)","($5.7)","($17.6)","($1.2)","($82.4)","$11.8","($69.5)"
"Tyler Saladino","Brewers","SS","999.0","81","($28.3)","($28.4)","($4.6)","($17.9)","($1.7)","($81.1)","$10.5","($69.5)"
"Drew Robinson","Cardinals","OF","999.0","59","($29.0)","($29.2)","($5.2)","($17.9)","($1.2)","($82.4)","$11.8","($69.6)"
"Andrew Stevenson","Nationals","OF","999.0","65","($29.1)","($29.2)","($4.7)","($18.6)","($1.1)","($82.7)","$11.8","($69.9)"
"Joe McCarthy","Rays","1B","999.0","66","($28.8)","($28.8)","($5.1)","($18.0)","($0.5)","($81.2)","$10.3","($69.9)"
"Anthony Santander","Orioles","OF","999.0","52","($29.1)","($29.4)","($5.5)","($18.0)","($1.0)","($82.9)","$11.8","($70.1)"
"Austin Hays","Orioles","OF","555.6","47","($29.2)","($29.6)","($5.4)","($17.8)","($1.0)","($83.0)","$11.8","($70.2)"
"Oscar Mercado","Indians","SS","597.3","67","($29.0)","($29.0)","($4.0)","($18.5)","($1.4)","($81.8)","$10.5","($70.3)"
"Connor Joe","Reds","1B/3B","999.0","54","($29.3)","($29.5)","($5.6)","($18.2)","($0.8)","($83.3)","$11.8","($70.6)"
"Kevin Cron","Diamondbacks","1B","600.3","61","($28.6)","($29.1)","($5.7)","($17.4)","($1.3)","($82.2)","$10.3","($70.9)"
"Carlos Gomez","Mets","OF","600.5","47","($29.5)","($29.9)","($5.2)","($18.2)","($1.0)","($83.7)","$11.8","($70.9)"
"Jonathan Davis","Blue Jays","OF/DH","999.0","48","($29.7)","($29.7)","($5.0)","($18.6)","($0.8)","($83.8)","$11.8","($70.9)"
"Hanley Ramirez","Indians","1B","583.7","49","($28.9)","($29.4)","($5.5)","($17.8)","($0.6)","($82.2)","$10.3","($71.0)"
"Rowdy Tellez","Blue Jays","1B/DH","574.6","50","($28.9)","($29.4)","($5.5)","($17.9)","($0.6)","($82.3)","$10.3","($71.0)"
"Mark Zagunis","Cubs","OF","999.0","45","($29.7)","($29.8)","($5.5)","($18.5)","($0.3)","($83.9)","$11.8","($71.1)"
"Richard Urena","Blue Jays","SS","999.0","77","($28.6)","($28.7)","($5.3)","($18.3)","($2.1)","($82.9)","$10.5","($71.4)"
"Ildemaro Vargas","Diamondbacks","2B/3B/SS","999.0","66","($28.9)","($29.2)","($5.2)","($18.6)","($1.0)","($83.0)","$10.5","($71.4)"
"Adeiny Hechavarria","Mets","SS","999.0","79","($28.5)","($28.9)","($5.4)","($18.3)","($1.8)","($83.0)","$10.5","($71.5)"
"Joey Curletta","Mariners","1B/OF","999.0","39","($29.8)","($30.0)","($5.7)","($18.3)","($0.7)","($84.6)","$11.8","($71.7)"
"Carlos Tocci","Rangers","OF","999.0","52","($29.7)","($29.7)","($5.3)","($18.9)","($1.0)","($84.6)","$11.8","($71.8)"
"Yonathan Daza","Rockies","OF","999.0","34","($30.0)","($30.3)","($5.4)","($19.0)","($0.2)","($84.8)","$11.8","($72.0)"
"Tyrone Taylor","Brewers","OF","999.0","40","($29.8)","($30.1)","($5.4)","($18.5)","($1.1)","($84.9)","$11.8","($72.0)"
"LaMonte Wade","Twins","OF","999.0","33","($30.1)","($30.2)","($5.6)","($18.8)","($0.1)","($84.9)","$11.8","($72.1)"
"Dylan Cozens","Phillies","OF","999.0","27","($30.1)","($30.5)","($5.5)","($18.3)","($0.6)","($85.1)","$11.8","($72.2)"
"Michael Reed","Twins","OF","999.0","27","($30.3)","($30.4)","($5.5)","($18.8)","($0.1)","($85.1)","$11.8","($72.3)"
"Mauricio Dubon","Brewers","2B/SS","598.7","47","($29.6)","($29.9)","($4.7)","($18.7)","($0.9)","($83.8)","$10.5","($72.3)"
"Ryan Cordell","White Sox","OF","999.0","33","($30.1)","($30.4)","($5.4)","($18.6)","($0.9)","($85.3)","$11.8","($72.5)"
"A.J. Reed","Astros","1B","598.0","40","($29.5)","($29.9)","($5.8)","($18.0)","($0.8)","($84.0)","$10.3","($72.8)"
"Hanser Alberto","Orioles","2B/3B/SS","999.0","46","($29.6)","($29.9)","($5.6)","($18.7)","($0.9)","($84.7)","$10.5","($73.2)"
"Bobby Bradley","Indians","1B","601.0","26","($30.1)","($30.4)","($5.8)","($18.3)","($0.5)","($85.1)","$10.3","($73.8)"
"Cole Tucker","Pirates","SS","600.8","34","($30.3)","($30.5)","($4.9)","($19.0)","($0.6)","($85.4)","$10.5","($73.9)"
"Sergio Alcantara","Tigers","SS","999.0","46","($30.0)","($30.1)","($5.4)","($19.1)","($1.0)","($85.5)","$10.5","($74.0)"
"Josh Fuentes","Rockies","1B","999.0","28","($30.1)","($30.5)","($5.7)","($18.7)","($0.3)","($85.3)","$10.3","($74.0)"
"Matt Thaiss","Angels","1B","598.2","33","($30.1)","($30.3)","($5.6)","($18.7)","($0.6)","($85.3)","$10.3","($74.0)"
"Breyvic Valera","Giants","2B/3B/SS/OF","999.0","32","($30.3)","($30.6)","($5.4)","($19.0)","($0.4)","($85.7)","$10.5","($74.1)"
"Willi Castro","Tigers","SS","999.0","33","($30.2)","($30.5)","($5.4)","($18.9)","($0.8)","($85.8)","$10.5","($74.2)"
"Dustin Peterson","Tigers","PH/PR","999.0","33","($30.1)","($30.3)","($5.7)","($18.7)","($0.6)","($85.4)","$3.1","($81.2)"
