"PlayerName","Team","POS","ADP","IP","mERA","mWHIP","mSO","mQS","mSVHLD","PTS","aPOS","Dollars"
"Chris Sale","Red Sox","SP","13.0","184","$17.1","$21.5","$10.7","$7.1","($3.4)","$53.1","$15.2","$69.3"
"Jacob deGrom","Mets","SP","10.7","208","$15.9","$15.0","$11.0","$8.9","($3.4)","$47.6","$15.2","$63.8"
"Max Scherzer","Nationals","SP","4.7","208","$11.4","$17.4","$12.8","$8.4","($3.4)","$46.7","$15.2","$62.9"
"Justin Verlander","Astros","SP","20.9","202","$6.2","$14.0","$10.8","$7.2","($3.4)","$34.8","$15.2","$51.0"
"Corey Kluber","Indians","SP","24.6","209","$3.6","$8.5","$7.5","$7.6","($3.4)","$23.8","$15.2","$40.0"
"Blake Snell","Rays","SP","29.8","189","$8.7","$1.8","$8.9","$6.0","($3.4)","$22.0","$15.2","$38.2"
"Carlos Carrasco","Indians","SP","36.2","197","$4.8","$6.6","$6.9","$6.4","($3.4)","$21.3","$15.2","$37.5"
"Gerrit Cole","Astros","SP","24.7","196","$2.6","$5.8","$8.9","$6.0","($3.4)","$20.0","$15.2","$36.1"
"James Paxton","Yankees","SP","53.7","172","$4.1","$6.0","$5.1","$4.3","($3.4)","$16.1","$15.2","$32.3"
"Luis Severino","Yankees","SP","42.5","168","$3.6","$5.4","$4.3","$4.2","($3.4)","$14.2","$15.2","$30.4"
"Walker Buehler","Dodgers","SP","37.8","163","$6.6","$2.5","$4.0","$3.9","($3.4)","$13.6","$15.2","$29.8"
"Aaron Nola","Phillies","SP","25.5","194","$1.6","$1.1","$6.4","$6.0","($3.4)","$11.6","$15.2","$27.8"
"Noah Syndergaard","Mets","SP","38.7","176","$2.8","$2.9","$3.5","$4.5","($3.4)","$10.3","$15.2","$26.5"
"Clayton Kershaw","Dodgers","SP","54.4","144","$5.5","$4.9","($1.0)","$2.9","($3.4)","$9.0","$15.2","$25.2"
"Trevor Bauer","Indians","SP","31.1","193","$0.6","($1.4)","$7.0","$5.4","($3.4)","$8.2","$15.2","$24.4"
"Stephen Strasburg","Nationals","SP","58.6","177","$0.5","$2.2","$4.5","$4.4","($3.4)","$8.1","$15.2","$24.3"
"Chris Paddack","Padres","SP","343.8","148","$2.7","$4.6","$0.6","$2.6","($3.4)","$7.2","$15.2","$23.4"
"Edwin Diaz","Mets","RP","53.0","65","$8.3","$6.6","($5.5)","($8.1)","$11.7","$13.0","$7.7","$21.6"
"Patrick Corbin","Nationals","SP","49.7","182","$2.5","($2.9)","$4.0","$4.7","($3.4)","$4.9","$15.2","$21.1"
"Chris Archer","Pirates","SP","135.0","191","($0.3)","($2.6)","$5.6","$5.1","($3.4)","$4.4","$15.2","$20.6"
"Rich Hill","Dodgers","SP","166.6","159","$0.3","$1.8","$2.6","$2.7","($3.4)","$4.0","$15.2","$20.2"
"Jack Flaherty","Cardinals","SP","61.5","168","($0.3)","($2.0)","$3.7","$3.1","($3.4)","$1.2","$15.2","$17.3"
"Charlie Morton","Rays","SP","115.3","152","$2.2","($2.3)","$1.9","$2.5","($3.4)","$0.9","$15.2","$17.1"
"German Marquez","Rockies","SP","81.1","190","($4.4)","($2.8)","$6.0","$4.5","($3.4)","($0.1)","$15.2","$16.1"
"Robbie Ray","Diamondbacks","SP","129.2","176","($1.6)","($6.6)","$7.5","$3.5","($3.4)","($0.5)","$15.2","$15.7"
"Aroldis Chapman","Yankees","RP","73.9","65","$6.3","$3.4","($5.5)","($8.1)","$10.9","$7.0","$7.7","$15.7"
"Josh Hader","Brewers","RP","106.1","80","$6.3","$4.1","($2.9)","($8.1)","$7.1","$6.5","$7.7","$15.2"
"Yu Darvish","Cubs","SP","142.8","139","($1.0)","$0.8","$0.7","$1.0","($3.4)","($1.8)","$15.2","$14.3"
"Madison Bumgarner","Giants","SP","84.7","203","($5.8)","($3.5)","$3.8","$5.8","($3.4)","($3.1)","$15.2","$13.1"
"Felipe Vazquez","Pirates","RP","86.6","65","$5.2","$2.0","($7.1)","($8.1)","$11.0","$3.0","$7.7","$11.7"
"Mike Foltynewicz","Braves","SP","101.7","192","($6.2)","($5.2)","$5.8","$4.4","($3.4)","($4.6)","$15.2","$11.6"
"Kenley Jansen","Dodgers","RP","73.7","65","$1.9","$4.3","($7.6)","($8.1)","$12.2","$2.7","$7.7","$11.4"
"Joey Lucchesi","Padres","SP","203.9","169","($2.1)","($4.9)","$2.4","$3.0","($3.4)","($5.0)","$15.2","$11.2"
"Zack Wheeler","Mets","SP","86.8","171","($3.3)","($3.8)","$2.3","$3.1","($3.4)","($5.1)","$15.2","$11.1"
"Jameson Taillon","Pirates","SP","55.9","190","($4.8)","($4.7)","$3.1","$4.3","($3.4)","($5.4)","$15.2","$10.8"
"Andrew Heaney","Angels","SP","172.9","178","($6.3)","($1.7)","$2.2","$3.6","($3.4)","($5.5)","$15.2","$10.7"
"Dellin Betances","Yankees","RP","267.1","75","$6.3","$3.4","($4.0)","($8.1)","$4.1","$1.7","$7.7","$10.4"
"Zack Greinke","Diamondbacks","SP","67.8","201","($7.0)","($5.1)","$3.9","$5.4","($3.4)","($6.1)","$15.2","$10.1"
"David Price","Red Sox","SP","99.2","177","($6.0)","($2.8)","$2.4","$3.5","($3.4)","($6.3)","$15.2","$9.9"
"Luis Castillo","Reds","SP","115.0","173","($5.6)","($3.3)","$2.4","$3.1","($3.4)","($6.8)","$15.2","$9.4"
"Shane Bieber","Indians","SP","144.1","139","($2.9)","$1.1","($2.7)","$0.8","($3.4)","($7.0)","$15.2","$9.2"
"Kirby Yates","Padres","RP","109.4","65","$2.8","$2.6","($6.9)","($8.1)","$9.9","$0.3","$7.7","$9.0"
"Masahiro Tanaka","Yankees","SP","134.4","153","($5.3)","($0.3)","$0.0","$1.7","($3.4)","($7.3)","$15.2","$8.9"
"Miles Mikolas","Cardinals","SP","96.0","201","($7.9)","($2.9)","$1.4","$5.3","($3.4)","($7.3)","$15.2","$8.9"
"Hyun-Jin Ryu","Dodgers","SP","181.1","126","($0.6)","($0.5)","($3.0)","$0.0","($3.4)","($7.4)","$15.2","$8.8"
"Corey Knebel","Brewers","RP","128.0","65","$4.4","$2.1","($6.0)","($8.1)","$7.6","($0.1)","$7.7","$8.6"
"Jose Quintana","Cubs","SP","200.9","186","($4.1)","($6.8)","$2.8","$3.9","($3.4)","($7.6)","$15.2","$8.6"
"Andrew Miller","Cardinals","RP","218.0","60","$4.2","$1.9","($7.8)","($8.1)","$9.5","($0.2)","$7.7","$8.5"
"Nick Pivetta","Phillies","SP","148.7","160","($5.4)","($3.2)","$2.4","$1.5","($3.4)","($8.1)","$15.2","$8.1"
"Brad Hand","Indians","RP","78.8","70","$1.9","$0.6","($6.9)","($8.1)","$11.7","($0.9)","$7.7","$7.8"
"Nathan Eovaldi","Red Sox","SP","169.3","152","($3.2)","($1.6)","($1.5)","$1.3","($3.4)","($8.4)","$15.2","$7.8"
"Sean Doolittle","Nationals","RP","101.8","65","$2.1","$3.1","($7.6)","($8.1)","$9.5","($1.0)","$7.7","$7.7"
"Will Smith","Giants","RP","183.6","65","$4.0","$1.6","($7.5)","($8.1)","$8.3","($1.6)","$7.7","$7.1"
"Blake Treinen","Athletics","RP","61.2","70","$4.5","$0.6","($7.6)","($8.1)","$8.7","($1.9)","$7.7","$6.8"
"David Robertson","Phillies","RP","159.1","65","$2.7","$1.2","($6.7)","($8.1)","$9.0","($1.9)","$7.7","$6.8"
"Kenta Maeda","Dodgers","SP","206.4","125","($3.4)","($0.4)","($1.8)","($0.5)","($3.4)","($9.5)","$15.2","$6.7"
"Mike Clevinger","Indians","SP","61.8","170","($6.3)","($6.6)","$3.3","$2.6","($3.4)","($10.4)","$15.2","$5.8"
"Roberto Osuna","Astros","RP","79.6","65","$0.5","$1.8","($8.2)","($8.1)","$11.1","($3.0)","$7.7","$5.7"
"Cole Hamels","Cubs","SP","151.8","172","($5.5)","($6.8)","$2.2","$3.0","($3.4)","($10.5)","$15.2","$5.7"
"Jose Alvarado","Rays","RP","155.3","60","$3.6","($2.2)","($7.9)","($8.1)","$10.8","($3.8)","$7.7","$4.8"
"Ross Stripling","Dodgers","SP","216.7","90","$0.4","$0.6","($6.3)","($3.7)","($3.0)","($12.0)","$15.2","$4.2"
"Trevor Rosenthal","Nationals","RP","499.0","65","$3.6","($0.3)","($7.0)","($8.1)","$7.2","($4.6)","$7.7","$4.1"
"Tyler Glasnow","Rays","SP","154.0","135","($2.8)","($7.5)","$1.0","$0.3","($3.4)","($12.3)","$15.2","$3.9"
"Raisel Iglesias","Reds","RP","110.9","65","$0.4","$0.1","($7.9)","($8.1)","$10.6","($4.9)","$7.7","$3.8"
"Kyle Hendricks","Cubs","SP","129.2","194","($7.9)","($6.9)","$1.3","$4.4","($3.4)","($12.4)","$15.2","$3.8"
"Alex Reyes","Cardinals","SP","210.8","110","($1.7)","($3.9)","($2.5)","($1.0)","($3.4)","($12.6)","$15.2","$3.6"
"Eduardo Rodriguez","Red Sox","SP","155.3","145","($5.9)","($4.5)","$0.2","$0.6","($3.4)","($12.9)","$15.2","$3.3"
"Chad Green","Yankees","RP","526.7","70","$2.4","$3.8","($6.5)","($8.1)","$2.9","($5.4)","$7.7","$3.3"
"Diego Castillo","Rays","RP","522.6","60","$3.6","$1.7","($8.0)","($8.1)","$4.9","($5.9)","$7.7","$2.8"
"Dallas Keuchel","","SP","190.6","171","($1.7)","($10.8)","($1.5)","$3.8","($3.4)","($13.5)","$15.2","$2.7"
"Ken Giles","Blue Jays","RP","130.2","65","$0.3","$0.3","($8.1)","($8.1)","$9.6","($6.0)","$7.7","$2.7"
"Joshua James","Astros","SP","211.4","128","($4.0)","($5.7)","($0.4)","($0.1)","($3.4)","($13.5)","$15.2","$2.7"
"Joe Musgrove","Pirates","SP","211.1","162","($6.4)","($5.0)","($1.0)","$2.1","($3.4)","($13.5)","$15.2","$2.7"
"Steven Matz","Mets","SP","249.9","162","($6.4)","($6.5)","$0.7","$1.7","($3.4)","($13.9)","$15.2","$2.3"
"Caleb Ferguson","Dodgers","SP","589.3","76","$0.5","($1.3)","($7.3)","($5.9)","($0.5)","($14.4)","$15.2","$1.8"
"Tyler Skaggs","Angels","SP","228.6","157","($5.8)","($6.4)","($0.4)","$1.6","($3.4)","($14.4)","$15.2","$1.8"
"J.A. Happ","Yankees","SP","136.1","168","($9.3)","($5.7)","$1.9","$2.0","($3.4)","($14.5)","$15.2","$1.7"
"Jakob Junis","Royals","SP","383.3","184","($12.5)","($3.4)","$1.5","$3.1","($3.4)","($14.6)","$15.2","$1.5"
"Keone Kela","Pirates","RP","512.7","60","$3.1","$1.4","($7.7)","($8.1)","$4.1","($7.2)","$7.7","$1.5"
"Caleb Smith","Marlins","SP","525.5","132","($4.6)","($5.3)","($1.3)","($0.3)","($3.4)","($14.9)","$15.2","$1.3"
"Brandon Morrow","Cubs","RP","285.1","55","$0.8","($0.7)","($9.7)","($8.1)","$10.1","($7.5)","$7.7","$1.2"
"Kevin Gausman","Braves","SP","221.8","170","($7.9)","($6.5)","$0.2","$2.5","($3.4)","($15.0)","$15.2","$1.2"
"Craig Kimbrel","","RP","80.6","65","$5.5","$3.8","($5.5)","($8.1)","($3.4)","($7.7)","$7.7","$1.0"
"Jose Berrios","Twins","SP","69.6","193","($12.5)","($7.6)","$4.5","$3.8","($3.4)","($15.2)","$15.2","$1.0"
"Ryan Pressly","Astros","RP","355.1","65","$2.5","$1.2","($7.6)","($8.1)","$4.2","($7.7)","$7.7","$1.0"
"A.J. Minter","Braves","RP","250.3","65","$2.3","$0.2","($7.5)","($8.1)","$5.3","($7.7)","$7.7","$1.0"
"Drew Steckenrider","Marlins","RP","280.4","65","$0.7","($1.5)","($7.9)","($8.1)","$9.0","($7.8)","$7.7","$0.9"
"Julio Urias","Dodgers","SP","272.1","90","($0.2)","($3.7)","($5.9)","($2.2)","($3.4)","($15.3)","$15.2","$0.9"
"Jose Leclerc","Rangers","RP","111.4","65","$0.8","($2.6)","($6.6)","($8.1)","$8.4","($8.0)","$7.7","$0.6"
"Matt Strahm","Padres","SP","355.5","106","($2.2)","($3.4)","($3.9)","($3.1)","($3.1)","($15.6)","$15.2","$0.6"
"Rick Porcello","Red Sox","SP","172.7","184","($12.6)","($4.4)","$1.5","$3.0","($3.4)","($15.8)","$15.2","$0.4"
"Seranthony Dominguez","Phillies","RP","214.7","65","$1.7","($1.3)","($7.2)","($8.1)","$6.6","($8.3)","$7.7","$0.4"
"Joe Kelly","Dodgers","RP","562.8","65","$3.3","$0.1","($8.0)","($8.1)","$4.4","($8.3)","$7.7","$0.4"
"Tony Watson","Giants","RP","595.1","65","$1.7","$0.1","($9.0)","($8.1)","$6.7","($8.6)","$7.7","$0.1"
"Ryan Brasier","Red Sox","RP","342.0","65","($1.8)","($1.5)","($9.0)","($8.1)","$11.7","($8.6)","$7.7","$0.1"
"Michael Pineda","Twins","SP","350.5","138","($6.8)","($3.7)","($2.6)","$0.1","($3.4)","($16.2)","$15.2","$0.0"
"Matt Barnes","Red Sox","RP","235.7","65","$2.3","($0.4)","($7.1)","($8.1)","$4.4","($8.8)","$7.7","($0.1)"
"Nate Jones","White Sox","RP","562.0","60","($0.5)","($1.2)","($8.6)","($8.1)","$9.6","($8.8)","$7.7","($0.1)"
"Wilmer Font","Rays","SP/RP","600.6","58","($1.1)","$0.1","($9.2)","($7.1)","$0.7","($16.4)","$15.2","($0.2)"
"Cody Allen","Angels","RP","151.2","65","($1.7)","($1.9)","($8.2)","($8.1)","$10.5","($9.3)","$7.7","($0.6)"
"Sonny Gray","Reds","SP","279.0","154","($4.6)","($10.3)","($0.2)","$1.4","($3.4)","($17.0)","$15.2","($0.8)"
"Anthony Swarzak","Mariners","RP","539.0","65","($1.9)","($2.6)","($8.8)","($8.1)","$11.6","($9.7)","$7.7","($1.1)"
"Jon Gray","Rockies","SP","209.2","146","($7.8)","($6.4)","($0.3)","$0.5","($3.4)","($17.4)","$15.2","($1.2)"
"Archie Bradley","Diamondbacks","RP","185.0","70","$0.6","($1.6)","($7.6)","($8.1)","$6.6","($10.1)","$7.7","($1.4)"
"Carlos Martinez","Cardinals","SP","200.0","139","($3.6)","($8.4)","($2.0)","($0.9)","($3.0)","($17.8)","$15.2","($1.7)"
"Jeurys Familia","Mets","RP","485.6","65","$2.9","($1.0)","($8.1)","($8.1)","$3.9","($10.4)","$7.7","($1.7)"
"Arodys Vizcaino","Braves","RP","182.0","65","($1.5)","($2.6)","($8.2)","($8.1)","$9.9","($10.5)","$7.7","($1.9)"
"Danny Duffy","Royals","SP","538.5","185","($11.5)","($8.5)","$1.7","$3.3","($3.4)","($18.4)","$15.2","($2.2)"
"Derek Holland","Giants","SP","363.6","145","($5.7)","($8.5)","($1.7)","$0.6","($3.4)","($18.7)","$15.2","($2.5)"
"Andrew Suarez","Giants","SP","591.0","91","($1.4)","($4.0)","($7.7)","($2.3)","($3.4)","($18.7)","$15.2","($2.5)"
"Anthony DeSclafani","Reds","SP","472.8","153","($10.5)","($5.3)","($0.8)","$1.0","($3.4)","($18.9)","$15.2","($2.7)"
"Jimmy Nelson","Brewers","SP","251.6","112","($5.5)","($4.8)","($4.2)","($1.3)","($3.4)","($19.1)","$15.2","($2.9)"
"Marco Gonzales","Mariners","SP","285.8","180","($10.1)","($8.7)","($0.2)","$2.9","($3.4)","($19.5)","$15.2","($3.3)"
"Mike Montgomery","Cubs","SP/RP","595.0","74","($1.6)","($4.7)","($9.4)","($7.6)","$3.7","($19.6)","$15.2","($3.4)"
"Brent Honeywell","Rays","SP","518.3","74","($3.4)","($1.3)","($8.0)","($3.6)","($3.4)","($19.6)","$15.2","($3.5)"
"Jeremy Jeffress","Brewers","RP","342.6","65","$2.0","($2.0)","($8.4)","($8.1)","$4.4","($12.2)","$7.7","($3.5)"
"Wade Davis","Rockies","RP","117.7","65","($2.3)","($3.7)","($8.0)","($8.1)","$9.9","($12.3)","$7.7","($3.6)"
"Robbie Erlin","Padres","SP","547.1","89","($3.1)","($2.4)","($8.2)","($2.8)","($3.4)","($19.9)","$15.2","($3.8)"
"Jeff Samardzija","Giants","SP","455.9","165","($10.4)","($6.7)","($1.5)","$2.0","($3.4)","($20.0)","$15.2","($3.9)"
"Darren O'Day","Braves","RP","600.6","55","$0.1","($0.3)","($9.2)","($8.1)","$4.9","($12.6)","$7.7","($3.9)"
"Trevor Richards","Marlins","SP","514.0","124","($5.9)","($6.3)","($3.7)","($0.9)","($3.4)","($20.2)","$15.2","($4.0)"
"Mark Melancon","Giants","RP","413.5","65","$1.0","($2.1)","($9.8)","($8.1)","$6.3","($12.7)","$7.7","($4.0)"
"Mychal Givens","Orioles","RP","232.4","65","($2.5)","($2.6)","($8.5)","($8.1)","$8.9","($12.7)","$7.7","($4.1)"
"Craig Stammen","Padres","RP","568.4","75","$0.1","($1.8)","($7.8)","($8.1)","$4.7","($12.8)","$7.7","($4.1)"
"Joakim Soria","Athletics","RP","566.8","65","($0.1)","($1.1)","($8.8)","($8.1)","$5.2","($12.9)","$7.7","($4.2)"
"Mike Minor","Rangers","SP","379.5","175","($14.3)","($6.4)","$1.4","$2.3","($3.4)","($20.4)","$15.2","($4.2)"
"Luke Weaver","Diamondbacks","SP","305.5","124","($7.1)","($6.0)","($3.0)","($1.1)","($3.4)","($20.6)","$15.2","($4.4)"
"Will Harris","Astros","RP","600.8","65","$0.0","($0.9)","($8.7)","($8.1)","$4.6","($13.1)","$7.7","($4.4)"
"Richard Rodriguez","Pirates","RP","595.0","60","($0.9)","($0.6)","($8.8)","($8.1)","$5.1","($13.2)","$7.7","($4.5)"
"Seth Lugo","Mets","RP","530.7","60","$0.6","$0.6","($9.3)","($8.1)","$3.0","($13.2)","$7.7","($4.5)"
"Danny Salazar","Indians","RP","542.0","66","$1.5","$1.0","($7.3)","($5.8)","($3.0)","($13.7)","$7.7","($5.0)"
"Lou Trivino","Athletics","RP","564.1","70","$0.4","($2.8)","($8.0)","($8.1)","$4.7","($13.7)","$7.7","($5.0)"
"Anibal Sanchez","Nationals","SP","276.7","144","($9.7)","($6.8)","($1.5)","$0.0","($3.4)","($21.3)","$15.2","($5.1)"
"Sergio Romo","Marlins","RP","430.9","65","($1.4)","($0.9)","($8.7)","($8.1)","$5.3","($13.8)","$7.7","($5.1)"
"Jake Arrieta","Phillies","SP","213.2","181","($11.2)","($10.7)","$1.1","$2.8","($3.4)","($21.4)","$15.2","($5.2)"
"Jake Diekman","Royals","RP","999.0","55","$0.7","($2.4)","($9.4)","($8.1)","$5.0","($14.2)","$7.7","($5.5)"
"Taylor Rogers","Twins","RP","519.7","60","$0.2","($1.2)","($9.1)","($8.1)","$4.0","($14.2)","$7.7","($5.5)"
"Zach Britton","Yankees","RP","463.1","60","$3.2","($3.5)","($9.7)","($8.1)","$3.8","($14.2)","$7.7","($5.5)"
"Collin McHugh","Astros","SP","218.5","151","($10.8)","($7.0)","($1.1)","$0.0","($3.1)","($22.0)","$15.2","($5.8)"
"Blake Parker","Twins","RP","385.4","65","($4.3)","($3.2)","($9.0)","($8.1)","$10.1","($14.5)","$7.7","($5.8)"
"Dinelson Lamet","Padres","SP","596.1","46","($1.3)","($1.9)","($10.4)","($5.2)","($3.4)","($22.3)","$15.2","($6.1)"
"Brad Peacock","Astros","RP","300.2","77","($1.8)","($1.5)","($6.5)","($6.6)","$1.5","($14.9)","$7.7","($6.2)"
"Ryne Stanek","Rays","RP","586.8","40","$1.7","$0.4","($10.3)","($8.1)","$1.3","($14.9)","$7.7","($6.3)"
"Adam Ottavino","Yankees","RP","373.6","65","($1.2)","($2.3)","($7.2)","($8.1)","$3.8","($15.0)","$7.7","($6.3)"
"Joe Jimenez","Tigers","RP","438.9","65","($2.0)","($2.0)","($8.0)","($8.1)","$4.9","($15.1)","$7.7","($6.4)"
"Chris Stratton","Giants","SP","600.4","84","($3.2)","($4.8)","($8.3)","($5.0)","($1.5)","($22.7)","$15.2","($6.5)"
"Hector Rondon","Astros","RP","585.9","55","$0.1","($0.3)","($9.3)","($8.1)","$2.3","($15.4)","$7.7","($6.7)"
"Pedro Strop","Cubs","RP","203.1","65","$0.0","($2.9)","($8.6)","($8.1)","$4.2","($15.4)","$7.7","($6.7)"
"Yonny Chirinos","Rays","SP","547.3","110","($6.0)","($4.6)","($6.4)","($3.1)","($3.0)","($23.1)","$15.2","($6.9)"
"Reyes Moronta","Giants","RP","597.5","50","$1.6","($1.3)","($9.3)","($8.1)","$1.5","($15.6)","$7.7","($6.9)"
"Michael Fulmer","Tigers","SP","360.2","175","($12.2)","($10.1)","$0.0","$2.5","($3.4)","($23.2)","$15.2","($7.0)"
"Scott Alexander","Dodgers","RP","600.9","50","$3.2","($2.2)","($10.8)","($8.1)","$2.2","($15.7)","$7.7","($7.0)"
"Eric Lauer","Padres","SP","582.8","134","($7.4)","($9.4)","($2.8)","($0.4)","($3.4)","($23.4)","$15.2","($7.2)"
"Alex Wood","Reds","SP","251.0","137","($7.1)","($10.0)","($3.0)","$0.1","($3.4)","($23.4)","$15.2","($7.2)"
"Shane Greene","Tigers","RP","238.0","65","($3.9)","($4.1)","($9.2)","($8.1)","$9.4","($15.9)","$7.7","($7.2)"
"Carl Edwards Jr.","Cubs","RP","560.7","60","($0.8)","($3.9)","($8.0)","($8.1)","$4.8","($16.0)","$7.7","($7.3)"
"Vince Velasquez","Phillies","SP","412.0","137","($10.6)","($7.8)","($0.8)","($1.0)","($3.4)","($23.6)","$15.2","($7.4)"
"Jesus Luzardo","Athletics","SP","214.5","111","($6.5)","($6.7)","($5.5)","($1.6)","($3.4)","($23.6)","$15.2","($7.4)"
"Adam Warren","Padres","RP","999.0","75","($1.8)","($3.6)","($8.2)","($8.1)","$5.6","($16.1)","$7.7","($7.4)"
"Jason Vargas","Mets","SP","596.2","105","($6.8)","($4.9)","($6.3)","($2.4)","($3.4)","($23.6)","$15.2","($7.4)"
"Jalen Beeks","Rays","SP","600.0","92","($4.9)","($6.2)","($6.6)","($2.7)","($3.4)","($23.7)","$15.2","($7.5)"
"Jordan Hicks","Cardinals","RP","192.9","60","($0.3)","($5.8)","($9.2)","($8.1)","$7.3","($16.2)","$7.7","($7.5)"
"Tommy Hunter","Phillies","RP","999.0","55","($1.1)","($1.3)","($10.3)","($8.1)","$4.4","($16.3)","$7.7","($7.6)"
"Sean Newcomb","Braves","SP","229.3","177","($9.5)","($17.1)","$3.5","$2.5","($3.4)","($23.9)","$15.2","($7.7)"
"Michael Soroka","Braves","SP","420.2","64","($3.1)","($3.2)","($10.1)","($4.3)","($3.4)","($24.0)","$15.2","($7.8)"
"Ty Buttrey","Angels","RP","505.7","60","($0.3)","($2.8)","($9.1)","($8.1)","$3.8","($16.5)","$7.7","($7.9)"
"Chaz Roe","Rays","RP","587.4","50","($0.3)","($1.7)","($10.3)","($8.1)","$3.9","($16.6)","$7.7","($7.9)"
"Trevor May","Twins","RP","228.1","65","($2.2)","($1.4)","($8.4)","($8.1)","$3.5","($16.6)","$7.7","($7.9)"
"John Brebbia","Cardinals","RP","599.8","50","($1.0)","$0.1","($10.1)","($8.1)","$2.5","($16.6)","$7.7","($7.9)"
"Jesse Chavez","Rangers","RP","591.6","80","($4.0)","($2.9)","($7.7)","($8.1)","$6.1","($16.7)","$7.7","($8.0)"
"Michael Wacha","Cardinals","SP","275.8","130","($7.4)","($9.3)","($3.8)","($0.3)","($3.4)","($24.3)","$15.2","($8.1)"
"Trevor Cahill","Angels","SP","457.0","116","($5.6)","($9.4)","($4.6)","($1.3)","($3.4)","($24.3)","$15.2","($8.1)"
"Amir Garrett","Reds","RP","596.7","65","($1.4)","($2.6)","($8.2)","($8.1)","$3.2","($17.0)","$7.7","($8.3)"
"Hector Neris","Phillies","RP","581.8","40","$0.3","$0.8","($10.4)","($8.1)","$0.4","($17.0)","$7.7","($8.4)"
"Justin Wilson","Mets","RP","999.0","40","$1.6","($0.6)","($10.6)","($8.1)","$0.5","($17.2)","$7.7","($8.5)"
"Trey Wingenter","Padres","RP","999.0","50","$0.7","($2.4)","($9.4)","($8.1)","$2.0","($17.2)","$7.7","($8.5)"
"Alex Colome","White Sox","RP","204.2","60","($1.4)","($2.4)","($9.4)","($8.1)","$4.1","($17.2)","$7.7","($8.5)"
"Pablo Lopez","Marlins","SP","577.3","46","($2.2)","($2.0)","($12.0)","($5.3)","($3.4)","($24.8)","$15.2","($8.6)"
"Erick Fedde","Nationals","SP","600.7","53","($2.0)","($3.6)","($10.8)","($5.0)","($3.4)","($24.8)","$15.2","($8.6)"
"Pedro Baez","Dodgers","RP","600.0","50","($1.4)","($1.3)","($10.3)","($8.1)","$3.7","($17.3)","$7.7","($8.6)"
"Chris Martin","Rangers","RP","600.2","50","($1.5)","($1.4)","($10.8)","($8.1)","$4.4","($17.4)","$7.7","($8.7)"
"David Paulino","Blue Jays","RP","600.4","50","($1.7)","($0.5)","($10.1)","($8.1)","$2.9","($17.6)","$7.7","($8.9)"
"Kelvin Herrera","White Sox","RP","345.1","65","($2.7)","($2.2)","($9.0)","($8.1)","$4.3","($17.6)","$7.7","($8.9)"
"Heath Hembree","Red Sox","RP","999.0","60","($2.6)","($2.1)","($9.1)","($8.1)","$4.1","($17.7)","$7.7","($9.0)"
"Freddy Peralta","Brewers","SP","402.3","72","($5.2)","($6.0)","($6.8)","($4.0)","($3.4)","($25.4)","$15.2","($9.2)"
"Silvino Bracho","Diamondbacks","RP","999.0","50","($1.1)","($0.8)","($9.7)","($8.1)","$1.8","($17.9)","$7.7","($9.3)"
"Greg Holland","Diamondbacks","RP","407.6","65","($4.1)","($6.9)","($8.7)","($8.1)","$9.7","($18.0)","$7.7","($9.3)"
"Domingo German","Yankees","SP/RP","487.3","37","($2.5)","($1.5)","($11.7)","($6.7)","($3.1)","($25.5)","$15.2","($9.3)"
"Jace Fry","White Sox","RP","576.4","50","$0.5","($2.4)","($9.7)","($8.1)","$1.6","($18.1)","$7.7","($9.4)"
"Jon Lester","Cubs","SP","201.8","192","($14.7)","($13.2)","$2.4","$3.3","($3.4)","($25.6)","$15.2","($9.4)"
"Andrew Chafin","Diamondbacks","RP","999.0","55","$0.6","($3.8)","($9.6)","($8.1)","$2.6","($18.2)","$7.7","($9.5)"
"Adam Wainwright","Cardinals","SP","577.0","138","($7.8)","($9.7)","($3.7)","($1.4)","($3.0)","($25.7)","$15.2","($9.5)"
"Walker Lockett","Mets","SP","999.0","46","($2.6)","($2.3)","($11.7)","($6.0)","($3.1)","($25.8)","$15.2","($9.6)"
"Jose De Leon","Rays","SP","600.4","46","($3.6)","($2.5)","($11.0)","($5.5)","($3.4)","($25.9)","$15.2","($9.7)"
"Zack Godley","Diamondbacks","SP","252.1","178","($10.5)","($16.5)","$1.8","$2.6","($3.4)","($26.0)","$15.2","($9.8)"
"Wei-Yin Chen","Marlins","SP","593.9","157","($12.2)","($9.2)","($2.0)","$0.7","($3.4)","($26.0)","$15.2","($9.8)"
"Kyle Gibson","Twins","SP","287.4","192","($11.5)","($16.6)","$1.7","$3.8","($3.4)","($26.0)","$15.2","($9.9)"
"Scott Oberg","Rockies","RP","593.1","60","($1.6)","($3.5)","($9.6)","($8.1)","$4.3","($18.6)","$7.7","($9.9)"
"Robert Gsellman","Mets","RP","598.0","60","($1.5)","($3.1)","($10.3)","($8.1)","$4.3","($18.7)","$7.7","($10.0)"
"Taijuan Walker","Diamondbacks","SP","586.8","72","($5.5)","($4.6)","($8.7)","($4.1)","($3.4)","($26.3)","$15.2","($10.1)"
"Neil Ramirez","Indians","RP","600.0","50","($2.7)","($1.9)","($9.6)","($8.1)","$3.6","($18.8)","$7.7","($10.1)"
"Junior Guerra","Brewers","RP","600.2","50","($1.0)","($1.0)","($10.1)","($8.1)","$1.3","($18.8)","$7.7","($10.2)"
"A.J. Puk","Athletics","SP","558.8","55","($3.5)","($4.4)","($10.2)","($4.9)","($3.4)","($26.4)","$15.2","($10.2)"
"Ryan Tepera","Blue Jays","RP","590.0","65","($3.8)","($3.6)","($8.9)","($8.1)","$5.4","($18.9)","$7.7","($10.2)"
"Justin Miller","Nationals","RP","600.9","50","($1.7)","($1.0)","($10.2)","($8.1)","$2.0","($18.9)","$7.7","($10.2)"
"Dereck Rodriguez","Giants","SP","378.7","140","($10.8)","($8.1)","($4.1)","($0.1)","($3.4)","($26.5)","$15.2","($10.3)"
"Hector Velazquez","Red Sox","SP/RP","600.9","67","($5.2)","($4.6)","($10.5)","($7.3)","$1.0","($26.5)","$15.2","($10.3)"
"Dylan Floro","Dodgers","RP","999.0","50","($0.3)","($1.9)","($11.4)","($8.1)","$2.5","($19.1)","$7.7","($10.4)"
"John Gant","Cardinals","SP/RP","578.6","65","($3.2)","($4.8)","($9.5)","($6.2)","($3.0)","($26.7)","$15.2","($10.5)"
"Marcus Stroman","Blue Jays","SP","370.2","177","($9.3)","($15.5)","($1.6)","$3.1","($3.4)","($26.7)","$15.2","($10.5)"
"Logan Allen","Padres","SP","581.3","139","($8.8)","($12.3)","($2.3)","$0.0","($3.4)","($26.8)","$15.2","($10.6)"
"Sam Dyson","Giants","RP","597.9","60","$0.3","($3.8)","($10.5)","($8.1)","$2.8","($19.3)","$7.7","($10.6)"
"Matt Andriese","Diamondbacks","SP","999.0","87","($6.6)","($5.4)","($7.8)","($4.1)","($3.0)","($26.9)","$15.2","($10.7)"
"Brett Kennedy","Padres","RP","999.0","45","($0.2)","($0.4)","($11.1)","($8.1)","$0.3","($19.5)","$7.7","($10.8)"
"Erik Swanson","Mariners","SP","999.0","56","($5.1)","($2.8)","($10.5)","($5.6)","($3.0)","($27.0)","$15.2","($10.9)"
"Shawn Armstrong","Mariners","RP","590.9","60","($2.6)","($4.0)","($8.9)","($8.1)","$4.0","($19.6)","$7.7","($10.9)"
"Chris Devenski","Astros","RP","588.1","50","($1.2)","($0.1)","($10.0)","($8.1)","($0.2)","($19.6)","$7.7","($10.9)"
"Jonathan Loaisiga","Yankees","RP","525.9","69","($2.3)","($1.2)","($8.2)","($4.9)","($3.1)","($19.6)","$7.7","($10.9)"
"Tyler Olson","Indians","RP","999.0","50","($1.0)","($2.3)","($10.3)","($8.1)","$2.1","($19.6)","$7.7","($10.9)"
"Jordan Lyles","Pirates","SP/RP","595.3","53","($3.7)","($4.3)","($11.0)","($7.2)","($1.0)","($27.1)","$15.2","($10.9)"
"Tony Sipp","Nationals","RP","999.0","50","($1.3)","($2.8)","($10.3)","($8.1)","$2.8","($19.6)","$7.7","($11.0)"
"Jesse Biddle","Braves","RP","999.0","40","$0.8","($1.7)","($11.2)","($8.1)","$0.5","($19.7)","$7.7","($11.0)"
"Tayron Guerrero","Marlins","RP","600.2","60","($0.9)","($4.3)","($8.8)","($8.1)","$2.3","($19.9)","$7.7","($11.2)"
"David Hernandez","Reds","RP","598.7","60","($3.8)","($2.4)","($9.4)","($8.1)","$3.9","($19.9)","$7.7","($11.2)"
"Yusei Kikuchi","Mariners","SP","172.8","143","($13.5)","($9.8)","($0.8)","$0.0","($3.4)","($27.5)","$15.2","($11.3)"
"Adam Conley","Marlins","RP","574.9","60","($2.2)","($2.9)","($10.2)","($8.1)","$3.3","($20.0)","$7.7","($11.3)"
"Luke Gregerson","Cardinals","RP","999.0","50","($0.7)","($2.4)","($11.0)","($8.1)","$2.2","($20.0)","$7.7","($11.3)"
"Adam Morgan","Phillies","RP","999.0","45","($1.6)","($0.9)","($10.9)","($8.1)","$1.4","($20.1)","$7.7","($11.4)"
"Framber Valdez","Astros","SP","559.7","45","($2.1)","($5.3)","($11.5)","($5.4)","($3.4)","($27.6)","$15.2","($11.4)"
"Travis Bergen","Giants","RP","999.0","50","($0.4)","($2.3)","($10.4)","($8.1)","$0.9","($20.2)","$7.7","($11.5)"
"Brandon Woodruff","Brewers","SP","351.6","134","($10.3)","($10.6)","($2.7)","($0.8)","($3.4)","($27.7)","$15.2","($11.5)"
"Colin Poche","Rays","RP","599.1","40","$1.2","($0.1)","($10.3)","($8.1)","($3.0)","($20.3)","$7.7","($11.6)"
"Brad Boxberger","Royals","RP","298.6","60","($4.4)","($5.9)","($9.3)","($8.1)","$7.2","($20.4)","$7.7","($11.7)"
"Aaron Loup","Padres","RP","999.0","40","$1.2","($1.2)","($11.4)","($8.1)","($1.0)","($20.5)","$7.7","($11.8)"
"Dan Winkler","Braves","RP","600.8","40","($1.0)","($1.3)","($11.3)","($8.1)","$1.0","($20.6)","$7.7","($11.9)"
"Forrest Whitley","Astros","SP","240.8","46","($4.5)","($3.8)","($10.9)","($5.6)","($3.4)","($28.1)","$15.2","($11.9)"
"Touki Toussaint","Braves","SP","347.3","83","($6.2)","($8.3)","($6.9)","($3.4)","($3.4)","($28.1)","$15.2","($11.9)"
"Oliver Perez","Indians","RP","999.0","40","($0.8)","($0.8)","($11.2)","($8.1)","$0.3","($20.6)","$7.7","($11.9)"
"Sam Gaviglio","Blue Jays","SP","999.0","48","($3.9)","($2.3)","($11.6)","($7.3)","($3.0)","($28.2)","$15.2","($12.0)"
"Josh Fields","Dodgers","RP","600.8","40","($1.3)","($0.4)","($11.6)","($8.1)","$0.6","($20.7)","$7.7","($12.0)"
"Tony Cingrani","Dodgers","RP","999.0","40","$0.5","($0.7)","($11.0)","($8.1)","($1.5)","($20.8)","$7.7","($12.1)"
"Jimmie Sherfy","Diamondbacks","RP","601.0","45","($1.2)","($2.0)","($10.3)","($8.1)","$0.8","($20.8)","$7.7","($12.1)"
"Zach Eflin","Phillies","SP","332.1","145","($14.4)","($7.7)","($2.3)","($0.5)","($3.4)","($28.3)","$15.2","($12.1)"
"Fernando Romero","Twins","SP","593.9","62","($4.6)","($4.7)","($10.3)","($6.7)","($2.0)","($28.3)","$15.2","($12.1)"
"Cionel Perez","Astros","RP","999.0","50","($0.9)","($2.7)","($10.2)","($8.1)","$0.9","($20.8)","$7.7","($12.1)"
"Dane Dunning","White Sox","SP","600.5","37","($3.2)","($3.3)","($12.4)","($6.0)","($3.4)","($28.3)","$15.2","($12.1)"
"Ty Blach","Giants","SP/RP","999.0","52","($2.3)","($4.2)","($12.2)","($6.5)","($3.1)","($28.3)","$15.2","($12.1)"
"Steve Cishek","Cubs","RP","566.8","50","($1.3)","($2.8)","($10.4)","($8.1)","$1.8","($20.8)","$7.7","($12.2)"
"Jharel Cotton","Athletics","SP","599.5","64","($6.3)","($4.1)","($9.9)","($4.7)","($3.4)","($28.4)","$15.2","($12.2)"
"Kyle Barraclough","Nationals","RP","591.8","55","($2.2)","($5.6)","($9.6)","($8.1)","$4.5","($21.0)","$7.7","($12.3)"
"Robert Stock","Padres","RP","999.0","45","($0.2)","($2.7)","($10.9)","($8.1)","$0.8","($21.1)","$7.7","($12.4)"
"Matt Shoemaker","Blue Jays","SP","564.1","129","($13.6)","($6.9)","($3.5)","($1.3)","($3.4)","($28.7)","$15.2","($12.5)"
"Joe Ross","Nationals","SP","554.8","55","($5.4)","($3.8)","($11.0)","($5.2)","($3.4)","($28.7)","$15.2","($12.5)"
"Tanner Scott","Orioles","RP","598.3","45","$0.3","($4.3)","($9.8)","($8.1)","$0.6","($21.2)","$7.7","($12.5)"
"Corbin Burnes","Brewers","SP","291.3","74","($6.3)","($6.5)","($8.6)","($4.0)","($3.4)","($28.8)","$15.2","($12.6)"
"Austin Pruitt","Rays","RP","600.6","40","($0.5)","($0.3)","($12.1)","($8.1)","($0.4)","($21.3)","$7.7","($12.6)"
"Cody Reed","Reds","SP/RP","601.0","53","($4.0)","($5.7)","($10.7)","($5.2)","($3.4)","($29.0)","$15.2","($12.8)"
"Tim Hill","Royals","RP","599.1","50","($0.4)","($3.2)","($11.3)","($8.1)","$1.4","($21.5)","$7.7","($12.8)"
"Tim Mayza","Blue Jays","RP","999.0","50","($1.8)","($3.3)","($10.2)","($8.1)","$1.8","($21.5)","$7.7","($12.8)"
"Dan Otero","Indians","RP","999.0","50","($0.9)","($2.3)","($12.0)","($8.1)","$1.8","($21.5)","$7.7","($12.9)"
"Ryan Yarbrough","Rays","SP","508.6","110","($8.5)","($8.0)","($6.3)","($3.3)","($3.0)","($29.0)","$15.2","($12.9)"
"Tyler Anderson","Rockies","SP","533.8","155","($14.5)","($10.9)","($0.5)","$0.1","($3.4)","($29.1)","$15.2","($12.9)"
"Robert Stephenson","Reds","RP","999.0","59","($2.5)","($3.9)","($8.5)","($7.7)","$0.9","($21.6)","$7.7","($12.9)"
"Alex Claudio","Brewers","RP","999.0","45","$0.5","($2.2)","($12.2)","($8.1)","$0.4","($21.6)","$7.7","($12.9)"
"Cal Quantrill","Padres","SP","999.0","37","($3.6)","($3.3)","($12.8)","($6.1)","($3.4)","($29.1)","$15.2","($13.0)"
"Luis Cessa","Yankees","SP/RP","599.4","41","($4.2)","($3.0)","($12.0)","($6.9)","($3.1)","($29.2)","$15.2","($13.0)"
"Brett Anderson","Athletics","SP","599.2","60","($3.8)","($5.3)","($11.8)","($4.9)","($3.4)","($29.2)","$15.2","($13.0)"
"Jonny Venters","Braves","RP","999.0","50","($0.4)","($4.8)","($10.8)","($8.1)","$2.4","($21.7)","$7.7","($13.0)"
"Adam Kolarek","Rays","RP","999.0","40","$0.0","($3.0)","($12.2)","($8.1)","$1.5","($21.7)","$7.7","($13.0)"
"Ruben Alaniz","Mariners","RP","999.0","60","($3.1)","($5.1)","($9.7)","($8.1)","$4.2","($21.8)","$7.7","($13.1)"
"Felix Pena","Angels","SP","597.2","45","($4.8)","($3.8)","($11.6)","($5.8)","($3.4)","($29.3)","$15.2","($13.1)"
"Cam Bedrosian","Angels","RP","599.1","50","($2.4)","($3.8)","($10.9)","($8.1)","$3.3","($21.9)","$7.7","($13.2)"
"Kyle Crick","Pirates","RP","599.8","50","($2.0)","($3.9)","($10.4)","($8.1)","$2.4","($22.0)","$7.7","($13.3)"
"Luis Garcia","Angels","RP","999.0","40","($0.3)","($2.3)","($11.8)","($8.1)","$0.4","($22.1)","$7.7","($13.4)"
"Jeffrey Springs","Rangers","RP","999.0","40","($1.3)","($2.0)","($11.2)","($8.1)","$0.5","($22.1)","$7.7","($13.4)"
"Matt Albers","Brewers","RP","999.0","60","($3.2)","($3.4)","($9.9)","($8.1)","$2.5","($22.1)","$7.7","($13.4)"
"Ryan Madson","","RP","999.0","50","$0.0","($0.3)","($10.4)","($8.1)","($3.4)","($22.2)","$7.7","($13.5)"
"Dillon Peters","Angels","SP","999.0","36","($3.4)","($3.7)","($13.1)","($6.2)","($3.4)","($29.7)","$15.2","($13.5)"
"Seung Hwan Oh","Rockies","RP","578.2","65","($6.6)","($3.4)","($8.8)","($8.1)","$4.7","($22.2)","$7.7","($13.6)"
"Bud Norris","Blue Jays","RP","547.4","50","($2.7)","($2.8)","($10.3)","($8.1)","$1.6","($22.3)","$7.7","($13.6)"
"Tyler Kinley","Marlins","RP","999.0","50","($0.9)","($4.0)","($10.0)","($8.1)","$0.6","($22.3)","$7.7","($13.7)"
"Brad Brach","Cubs","RP","592.3","45","($1.2)","($2.9)","($11.0)","($8.1)","$0.7","($22.5)","$7.7","($13.8)"
"Nick Tropeano","Angels","SP","600.9","55","($5.9)","($4.5)","($10.9)","($5.3)","($3.4)","($30.0)","$15.2","($13.8)"
"Michael Feliz","Pirates","RP","999.0","40","($1.4)","($2.3)","($11.2)","($8.1)","$0.4","($22.5)","$7.7","($13.8)"
"Gabriel Moya","Twins","RP","999.0","50","($2.4)","($2.3)","($10.5)","($8.1)","$0.8","($22.5)","$7.7","($13.8)"
"Nick Kingham","Pirates","SP","557.8","113","($10.1)","($7.6)","($5.6)","($3.7)","($3.0)","($30.1)","$15.2","($13.9)"
"Paul Fry","Orioles","RP","599.2","65","($2.7)","($6.7)","($9.0)","($8.1)","$3.9","($22.6)","$7.7","($13.9)"
"J.B. Wendelken","Athletics","RP","999.0","50","($1.9)","($3.0)","($10.2)","($8.1)","$0.5","($22.6)","$7.7","($13.9)"
"Jose Urena","Marlins","SP","500.3","162","($12.8)","($13.2)","($2.1)","$1.4","($3.4)","($30.1)","$15.2","($13.9)"
"Dakota Hudson","Cardinals","RP","573.3","68","($2.6)","($6.6)","($10.0)","($7.0)","$3.6","($22.6)","$7.7","($14.0)"
"Justin Anderson","Angels","RP","999.0","50","($1.8)","($4.4)","($10.7)","($8.1)","$2.2","($22.7)","$7.7","($14.0)"
"Trevor Hildenberger","Twins","RP","590.6","50","($2.2)","($2.7)","($11.0)","($8.1)","$1.3","($22.7)","$7.7","($14.0)"
"Wily Peralta","Royals","RP","408.7","55","($3.2)","($5.1)","($10.5)","($8.1)","$4.2","($22.7)","$7.7","($14.0)"
"Pat Neshek","Phillies","RP","600.5","55","($4.8)","($2.1)","($10.5)","($8.1)","$2.8","($22.7)","$7.7","($14.0)"
"Emilio Pagan","Rays","RP","601.0","40","($1.8)","($0.2)","($11.3)","($8.1)","($1.4)","($22.7)","$7.7","($14.1)"
"Hector Santiago","Mets","SP/RP","999.0","55","($5.4)","($5.2)","($10.2)","($6.4)","($3.1)","($30.3)","$15.2","($14.1)"
"Juan Nicasio","Phillies","RP","999.0","40","($0.4)","($0.2)","($11.0)","($8.1)","($3.0)","($22.8)","$7.7","($14.1)"
"Buck Farmer","Tigers","RP","600.7","60","($4.9)","($4.5)","($9.9)","($8.1)","$4.5","($22.8)","$7.7","($14.1)"
"Nathan Karns","Orioles","SP","589.4","92","($10.0)","($7.2)","($6.5)","($3.3)","($3.4)","($30.4)","$15.2","($14.2)"
"Drew Pomeranz","Giants","SP","537.1","89","($6.2)","($9.9)","($7.7)","($3.2)","($3.4)","($30.4)","$15.2","($14.2)"
"Sean Reid-Foley","Blue Jays","SP","599.8","54","($6.0)","($5.4)","($10.3)","($5.4)","($3.4)","($30.5)","$15.2","($14.3)"
"Tanner Roark","Reds","SP","518.3","143","($13.6)","($10.5)","($2.9)","($0.1)","($3.4)","($30.5)","$15.2","($14.3)"
"James Pazos","Phillies","RP","999.0","40","($0.8)","($2.2)","($11.4)","($8.1)","($0.6)","($23.0)","$7.7","($14.4)"
"Adam Cimber","Indians","RP","597.4","60","($3.6)","($4.0)","($11.0)","($8.1)","$3.7","($23.0)","$7.7","($14.4)"
"David Phelps","Blue Jays","RP","999.0","40","($1.4)","($1.6)","($11.4)","($8.1)","($0.8)","($23.2)","$7.7","($14.5)"
"Tommy Kahnle","Yankees","RP","999.0","40","($1.1)","($2.1)","($11.0)","($8.1)","($1.1)","($23.2)","$7.7","($14.6)"
"Gio Gonzalez","","SP","518.5","112","($8.7)","($11.5)","($5.5)","($1.7)","($3.4)","($30.8)","$15.2","($14.6)"
"Daniel Zamora","Mets","RP","999.0","40","($0.5)","($2.5)","($11.4)","($8.1)","($0.8)","($23.3)","$7.7","($14.6)"
"Daniel Stumpf","Tigers","RP","999.0","50","($3.3)","($3.2)","($10.8)","($8.1)","$2.0","($23.3)","$7.7","($14.7)"
"Elieser Hernandez","Marlins","SP/RP","999.0","54","($5.7)","($4.9)","($11.0)","($7.7)","($1.6)","($30.9)","$15.2","($14.7)"
"Jon Edwards","Indians","RP","999.0","40","($1.5)","($2.1)","($11.1)","($8.1)","($0.7)","($23.4)","$7.7","($14.7)"
"Tim Peterson","Mets","RP","999.0","40","($1.9)","($1.0)","($11.5)","($8.1)","($1.0)","($23.5)","$7.7","($14.8)"
"JC Ramirez","Angels","SP","999.0","37","($4.2)","($4.1)","($13.1)","($6.2)","($3.4)","($31.0)","$15.2","($14.8)"
"Dominic Leone","Cardinals","RP","600.0","40","($1.2)","($2.1)","($11.6)","($8.1)","($0.5)","($23.5)","$7.7","($14.8)"
"Connor Sadzeck","Rangers","RP","999.0","50","($2.5)","($4.2)","($10.4)","($8.1)","$1.7","($23.5)","$7.7","($14.8)"
"Matt Grace","Nationals","RP","999.0","40","($0.8)","($2.8)","($12.3)","($8.1)","$0.4","($23.5)","$7.7","($14.8)"
"Tyler Mahle","Reds","SP","594.4","70","($7.7)","($6.2)","($9.1)","($4.7)","($3.4)","($31.0)","$15.2","($14.9)"
"Ryan Buchter","Athletics","RP","600.6","50","($3.0)","($3.0)","($10.5)","($8.1)","$1.0","($23.6)","$7.7","($14.9)"
"Tyler Chatwood","Cubs","SP","593.9","39","($2.4)","($5.9)","($12.1)","($7.7)","($3.0)","($31.1)","$15.2","($14.9)"
"Steven Brault","Pirates","RP","999.0","40","($1.2)","($3.6)","($11.6)","($8.1)","$0.9","($23.6)","$7.7","($15.0)"
"Hansel Robles","Angels","RP","600.3","50","($3.5)","($3.5)","($10.5)","($8.1)","$1.9","($23.7)","$7.7","($15.0)"
"Trent Thornton","Blue Jays","RP","999.0","39","($1.8)","($0.3)","($12.0)","($7.6)","($2.1)","($23.7)","$7.7","($15.0)"
"Ryan Carpenter","Tigers","SP","999.0","36","($5.2)","($3.4)","($12.9)","($6.4)","($3.4)","($31.3)","$15.2","($15.1)"
"Taylor Cole","Angels","RP","999.0","58","($2.1)","($3.8)","($10.1)","($7.1)","($0.7)","($23.8)","$7.7","($15.1)"
"Jose Alvarez","Phillies","RP","999.0","40","($0.8)","($1.8)","($11.6)","($8.1)","($1.5)","($23.8)","$7.7","($15.1)"
"Eric Skoglund","Royals","SP","999.0","71","($7.6)","($5.6)","($10.2)","($4.6)","($3.4)","($31.4)","$15.2","($15.2)"
"Bryan Mitchell","Padres","SP/RP","598.1","42","($3.9)","($5.2)","($12.5)","($6.7)","($3.1)","($31.5)","$15.2","($15.3)"
"Drew Smyly","Rangers","SP","537.5","130","($15.1)","($7.9)","($3.6)","($1.4)","($3.4)","($31.5)","$15.2","($15.3)"
"Tony Barnette","Cubs","RP","999.0","40","($0.3)","($1.1)","($11.6)","($8.1)","($3.0)","($24.0)","$7.7","($15.3)"
"Taylor Williams","Brewers","RP","999.0","45","($1.9)","($2.7)","($10.6)","($8.1)","($0.7)","($24.0)","$7.7","($15.3)"
"Jonathan Holder","Yankees","RP","600.5","50","($3.8)","($2.2)","($10.6)","($8.1)","$0.6","($24.1)","$7.7","($15.5)"
"Zach Duke","Reds","RP","999.0","40","($0.4)","($3.4)","($11.8)","($8.1)","($0.9)","($24.5)","$7.7","($15.8)"
"Yoshihisa Hirano","Diamondbacks","RP","536.6","60","($5.1)","($5.7)","($10.1)","($8.1)","$4.4","($24.5)","$7.7","($15.8)"
"Riley Ferrell","Marlins","RP","999.0","50","($1.3)","($4.2)","($10.4)","($8.1)","($0.5)","($24.5)","$7.7","($15.8)"
"Bobby Poyner","Red Sox","RP","999.0","50","($4.4)","($2.5)","($11.2)","($8.1)","$1.6","($24.5)","$7.7","($15.8)"
"Yusmeiro Petit","Athletics","RP","599.0","60","($5.5)","($2.8)","($10.4)","($8.1)","$2.2","($24.6)","$7.7","($15.9)"
"Joe Smith","Astros","RP","999.0","40","($1.2)","($1.8)","($11.8)","($8.1)","($1.7)","($24.7)","$7.7","($16.0)"
"Chris Bassitt","Athletics","SP","601.0","89","($8.4)","($7.6)","($8.4)","($4.9)","($3.1)","($32.2)","$15.2","($16.0)"
"Jake McGee","Rockies","RP","600.5","50","($3.9)","($3.2)","($10.7)","($8.1)","$1.1","($24.8)","$7.7","($16.1)"
"Roenis Elias","Mariners","RP","999.0","59","($4.3)","($4.4)","($10.3)","($7.7)","$1.9","($24.8)","$7.7","($16.1)"
"Juan Minaya","White Sox","RP","999.0","45","($3.2)","($3.6)","($10.8)","($8.1)","$0.9","($24.8)","$7.7","($16.2)"
"Jared Hughes","Reds","RP","573.3","65","($3.3)","($6.9)","($10.4)","($8.1)","$3.7","($25.0)","$7.7","($16.3)"
"Drew Smith","Mets","RP","999.0","40","($2.4)","($2.7)","($11.8)","($8.1)","$0.1","($25.0)","$7.7","($16.3)"
"Koda Glover","Nationals","RP","600.8","40","($1.7)","($2.9)","($11.8)","($8.1)","($0.6)","($25.0)","$7.7","($16.3)"
"Dylan Bundy","Orioles","SP","325.7","183","($22.8)","($10.5)","$2.5","$1.6","($3.4)","($32.6)","$15.2","($16.4)"
"Lance Lynn","Rangers","SP","533.1","138","($11.6)","($14.9)","($2.3)","($0.4)","($3.4)","($32.7)","$15.2","($16.5)"
"Ian Hamilton","White Sox","RP","600.9","40","($2.4)","($3.1)","($11.6)","($8.1)","$0.0","($25.2)","$7.7","($16.5)"
"Matthew Boyd","Tigers","SP","346.8","170","($19.8)","($10.4)","$0.0","$0.8","($3.4)","($32.8)","$15.2","($16.6)"
"Thomas Pannone","Blue Jays","SP/RP","999.0","46","($7.4)","($4.3)","($11.9)","($6.0)","($3.4)","($32.9)","$15.2","($16.7)"
"CC Sabathia","Yankees","SP","516.4","117","($11.9)","($10.4)","($5.2)","($2.1)","($3.4)","($33.0)","$15.2","($16.8)"
"Yefry Ramirez","Orioles","SP/RP","999.0","46","($6.8)","($4.7)","($11.3)","($7.1)","($3.1)","($33.1)","$15.2","($16.9)"
"Bryan Shaw","Rockies","RP","999.0","50","($3.5)","($5.2)","($11.0)","($8.1)","$2.0","($25.7)","$7.7","($17.0)"
"Sandy Alcantara","Marlins","SP","512.9","65","($6.5)","($8.5)","($10.2)","($4.6)","($3.4)","($33.2)","$15.2","($17.0)"
"Mike Fiers","Athletics","SP","360.0","152","($17.3)","($9.9)","($2.8)","$0.1","($3.4)","($33.3)","$15.2","($17.1)"
"Fernando Rodney","Athletics","RP","596.4","40","($1.7)","($3.4)","($11.7)","($8.1)","($1.1)","($25.9)","$7.7","($17.2)"
"Joe Biagini","Blue Jays","RP","999.0","50","($3.8)","($3.8)","($11.4)","($8.1)","$1.0","($26.0)","$7.7","($17.3)"
"Mitch Keller","Pirates","SP","563.5","92","($9.2)","($10.3)","($7.4)","($3.2)","($3.4)","($33.5)","$15.2","($17.3)"
"Cory Gearrin","Mariners","RP","999.0","50","($4.0)","($4.6)","($11.1)","($8.1)","$1.7","($26.1)","$7.7","($17.5)"
"Brett Cecil","Cardinals","RP","999.0","40","($2.7)","($3.6)","($12.4)","($8.1)","$0.5","($26.2)","$7.7","($17.5)"
"Matt Harvey","Angels","SP","428.7","153","($16.6)","($9.8)","($3.6)","($0.3)","($3.4)","($33.7)","$15.2","($17.5)"
"Blake Wood","","RP","999.0","50","($1.1)","($3.3)","($10.5)","($8.1)","($3.4)","($26.3)","$7.7","($17.6)"
"Ariel Jurado","Rangers","SP","999.0","37","($5.5)","($4.8)","($13.7)","($6.9)","($3.1)","($33.9)","$15.2","($17.7)"
"Jarlin Garcia","Marlins","RP","999.0","50","($3.6)","($4.2)","($11.6)","($8.1)","$1.1","($26.4)","$7.7","($17.7)"
"Heath Fillmyer","Royals","SP","999.0","91","($10.5)","($9.1)","($8.8)","($6.0)","$0.3","($34.0)","$15.2","($17.8)"
"Enyel De Los Santos","Phillies","SP","999.0","74","($9.4)","($7.7)","($9.1)","($4.4)","($3.4)","($34.0)","$15.2","($17.8)"
"Carlos Rodon","White Sox","SP","312.3","169","($16.9)","($15.8)","$0.2","$1.7","($3.4)","($34.1)","$15.2","($17.9)"
"Shawn Kelley","Rangers","RP","599.8","40","($4.3)","($2.5)","($11.8)","($8.1)","$0.0","($26.6)","$7.7","($17.9)"
"Daniel Mengden","Athletics","SP","571.5","83","($10.3)","($7.0)","($9.6)","($3.9)","($3.4)","($34.2)","$15.2","($18.0)"
"Kevin McCarthy","Royals","RP","600.0","45","($2.6)","($4.4)","($12.5)","($8.1)","$0.7","($26.8)","$7.7","($18.1)"
"Chris Rusin","Rockies","RP","999.0","40","($1.9)","($3.4)","($12.2)","($8.1)","($1.6)","($27.1)","$7.7","($18.5)"
"Jorge Lopez","Royals","SP","999.0","70","($7.6)","($8.5)","($10.2)","($5.9)","($2.4)","($34.7)","$15.2","($18.5)"
"Brandon Kintzler","Cubs","RP","999.0","40","($2.2)","($3.7)","($12.6)","($8.1)","($0.7)","($27.3)","$7.7","($18.6)"
"Brian Johnson","Red Sox","SP/RP","999.0","53","($8.0)","($6.2)","($11.5)","($5.8)","($3.4)","($34.8)","$15.2","($18.7)"
"Michael Lorenzen","Reds","RP","600.0","59","($4.5)","($6.2)","($10.5)","($7.6)","$1.5","($27.5)","$7.7","($18.8)"
"Jeremy Hellickson","Nationals","SP","579.3","106","($12.9)","($8.0)","($7.7)","($3.0)","($3.4)","($35.0)","$15.2","($18.8)"
"Aaron Wilkerson","Brewers","RP","999.0","39","($3.4)","($1.5)","($11.9)","($7.6)","($3.1)","($27.5)","$7.7","($18.8)"
"Chris Ellis","Royals","SP","999.0","65","($9.3)","($6.8)","($10.4)","($5.5)","($3.1)","($35.1)","$15.2","($18.9)"
"Marcus Walden","Red Sox","RP","999.0","50","($2.9)","($4.2)","($11.5)","($8.1)","($1.2)","($27.9)","$7.7","($19.2)"
"Clay Holmes","Pirates","RP","999.0","38","($1.2)","($4.6)","($12.0)","($7.1)","($3.0)","($27.9)","$7.7","($19.3)"
"Tyler Thornburg","Red Sox","RP","592.3","50","($6.1)","($4.7)","($11.0)","($8.1)","$1.9","($28.0)","$7.7","($19.3)"
"Richard Bleier","Orioles","RP","598.5","65","($4.4)","($6.8)","($11.9)","($8.1)","$3.1","($28.1)","$7.7","($19.4)"
"Stephen Gonsalves","Twins","SP","600.7","44","($7.0)","($7.3)","($11.8)","($6.2)","($3.4)","($35.8)","$15.2","($19.6)"
"Brian Flynn","Royals","RP","999.0","40","($2.6)","($4.1)","($12.6)","($8.1)","($1.0)","($28.3)","$7.7","($19.6)"
"Frankie Montas","Athletics","SP","593.5","124","($13.0)","($12.4)","($5.5)","($1.9)","($3.1)","($35.9)","$15.2","($19.7)"
"Chad Bettis","Rockies","RP","600.8","45","($4.2)","($3.9)","($11.9)","($8.1)","($0.4)","($28.4)","$7.7","($19.7)"
"Adalberto Mejia","Twins","RP","600.3","60","($4.7)","($4.1)","($10.2)","($6.4)","($3.1)","($28.4)","$7.7","($19.8)"
"Hunter Strickland","Mariners","RP","272.1","40","($4.3)","($4.1)","($12.2)","($8.1)","$0.2","($28.5)","$7.7","($19.8)"
"Zach Davies","Brewers","SP","577.1","161","($15.9)","($15.1)","($2.4)","$0.7","($3.4)","($36.1)","$15.2","($19.9)"
"Ian Kennedy","Royals","SP","600.5","126","($16.8)","($9.4)","($4.3)","($2.2)","($3.4)","($36.1)","$15.2","($19.9)"
"Matt Hall","Tigers","SP","999.0","75","($8.5)","($10.2)","($9.1)","($5.4)","($3.0)","($36.1)","$15.2","($19.9)"
"Victor Alcantara","Tigers","RP","600.7","40","($3.9)","($4.9)","($12.5)","($8.1)","$0.7","($28.7)","$7.7","($20.0)"
"Kyle Bird","Rangers","RP","999.0","40","($3.4)","($4.6)","($11.7)","($8.1)","($0.9)","($28.7)","$7.7","($20.0)"
"Matt Magill","Twins","RP","999.0","40","($4.2)","($3.7)","($11.9)","($8.1)","($1.0)","($28.8)","$7.7","($20.1)"
"Wade Miley","Astros","SP","465.8","105","($10.2)","($12.7)","($7.3)","($2.8)","($3.4)","($36.3)","$15.2","($20.1)"
"Shelby Miller","Rangers","SP","594.3","106","($12.9)","($10.8)","($6.3)","($3.0)","($3.4)","($36.4)","$15.2","($20.2)"
"Miguel Gonzalez","","SP","999.0","67","($10.4)","($6.9)","($11.0)","($4.8)","($3.4)","($36.4)","$15.2","($20.2)"
"Adrian Houser","Brewers","RP","999.0","48","($3.2)","($4.0)","($11.5)","($7.1)","($3.1)","($28.9)","$7.7","($20.2)"
"Steven Wright","Red Sox","RP","600.7","69","($6.0)","($5.9)","($9.8)","($7.2)","($0.2)","($29.1)","$7.7","($20.4)"
"Glenn Sparkman","Royals","RP","999.0","38","($3.6)","($2.3)","($13.0)","($7.2)","($3.1)","($29.2)","$7.7","($20.5)"
"Felix Hernandez","Mariners","SP","593.0","81","($10.6)","($9.6)","($9.1)","($4.2)","($3.4)","($36.8)","$15.2","($20.6)"
"Caleb Frare","White Sox","RP","999.0","40","($3.3)","($5.8)","($11.2)","($8.1)","($0.9)","($29.4)","$7.7","($20.7)"
"Addison Reed","Twins","RP","593.9","60","($8.1)","($4.9)","($10.8)","($8.1)","$2.5","($29.4)","$7.7","($20.7)"
"Chasen Bradford","Mariners","RP","999.0","40","($4.0)","($3.8)","($12.8)","($8.1)","($0.8)","($29.4)","$7.7","($20.7)"
"Josh Rogers","Orioles","SP","999.0","45","($8.6)","($6.0)","($12.7)","($6.3)","($3.4)","($37.0)","$15.2","($20.8)"
"Luis Ortiz","Orioles","SP","599.5","36","($8.0)","($5.7)","($13.2)","($6.8)","($3.4)","($37.0)","$15.2","($20.8)"
"Jaime Barria","Angels","SP","523.1","105","($14.3)","($8.6)","($7.4)","($3.4)","($3.4)","($37.0)","$15.2","($20.8)"
"Allen Webster","","RP","999.0","50","($3.4)","($3.7)","($11.0)","($8.1)","($3.4)","($29.5)","$7.7","($20.9)"
"Evan Phillips","Orioles","RP","999.0","40","($3.8)","($5.0)","($11.6)","($8.1)","($1.1)","($29.6)","$7.7","($20.9)"
"Rhiner Cruz","","RP","999.0","50","($3.5)","($4.7)","($10.4)","($8.1)","($3.4)","($30.1)","$7.7","($21.4)"
"Wade LeBlanc","Mariners","SP","566.6","136","($16.6)","($11.6)","($4.8)","($1.3)","($3.4)","($37.7)","$15.2","($21.5)"
"Chase Anderson","Brewers","SP","479.8","145","($19.4)","($11.5)","($2.3)","($1.2)","($3.4)","($37.8)","$15.2","($21.6)"
"Dylan Covey","White Sox","SP","999.0","71","($9.1)","($10.3)","($10.2)","($4.8)","($3.4)","($37.8)","$15.2","($21.6)"
"Brad Keller","Royals","SP","505.9","162","($14.5)","($17.8)","($3.4)","$1.2","($3.4)","($37.9)","$15.2","($21.7)"
"Matt Belisle","","RP","999.0","50","($3.6)","($3.9)","($11.5)","($8.1)","($3.4)","($30.4)","$7.7","($21.7)"
"Joaquin Benoit","","RP","999.0","50","($4.2)","($4.1)","($10.7)","($8.1)","($3.4)","($30.5)","$7.7","($21.8)"
"Mike Wright","Orioles","RP","999.0","54","($6.8)","($5.0)","($11.1)","($7.7)","$0.2","($30.5)","$7.7","($21.8)"
"Ryan Borucki","Blue Jays","SP","591.8","93","($11.7)","($10.9)","($8.6)","($3.5)","($3.4)","($38.1)","$15.2","($21.9)"
"Pierce Johnson","","RP","999.0","50","($3.7)","($5.2)","($10.4)","($8.1)","($3.4)","($30.7)","$7.7","($22.1)"
"Jhoulys Chacin","Brewers","SP","279.8","187","($19.4)","($18.5)","$1.0","$2.1","($3.4)","($38.3)","$15.2","($22.1)"
"Brian Duensing","Cubs","RP","999.0","40","($3.6)","($5.1)","($12.4)","($8.1)","($1.6)","($30.8)","$7.7","($22.1)"
"Dan Straily","Marlins","SP","594.2","156","($19.4)","($13.6)","($1.8)","($0.3)","($3.4)","($38.4)","$15.2","($22.2)"
"Kyle Freeland","Rockies","SP","167.2","195","($19.4)","($20.5)","$1.7","$3.1","($3.4)","($38.5)","$15.2","($22.3)"
"Jorge De La Rosa","","RP","999.0","60","($3.9)","($5.5)","($10.1)","($8.1)","($3.4)","($31.0)","$7.7","($22.3)"
"Yovani Gallardo","","SP","999.0","88","($10.8)","($11.7)","($8.8)","($3.9)","($3.4)","($38.6)","$15.2","($22.4)"
"Bartolo Colon","","SP","999.0","91","($13.5)","($8.0)","($9.9)","($3.9)","($3.4)","($38.7)","$15.2","($22.5)"
"Daniel Norris","Tigers","SP","599.7","106","($13.6)","($12.2)","($6.4)","($3.2)","($3.4)","($38.8)","$15.2","($22.6)"
"Martin Perez","Twins","SP","590.6","119","($12.1)","($13.9)","($7.4)","($2.5)","($3.1)","($38.9)","$15.2","($22.7)"
"AJ Ramos","","RP","999.0","50","($4.2)","($5.4)","($10.4)","($8.1)","($3.4)","($31.5)","$7.7","($22.8)"
"Julio Teheran","Braves","SP","301.5","159","($19.3)","($15.6)","($0.9)","$0.0","($3.4)","($39.2)","$15.2","($23.0)"
"Justus Sheffield","Mariners","SP","444.2","129","($13.8)","($17.2)","($3.7)","($1.3)","($3.4)","($39.4)","$15.2","($23.2)"
"Jimmy Yacabonis","Orioles","SP/RP","999.0","50","($9.5)","($8.9)","($11.7)","($6.9)","($3.1)","($40.1)","$15.2","($23.9)"
"Trevor Williams","Pirates","SP","342.4","145","($16.2)","($15.9)","($4.0)","($0.7)","($3.4)","($40.2)","$15.2","($24.0)"
"Jake Odorizzi","Twins","SP","472.4","161","($21.8)","($13.9)","($0.5)","($0.7)","($3.4)","($40.4)","$15.2","($24.2)"
"Mike Dunn","Rockies","RP","999.0","50","($7.8)","($8.1)","($10.8)","($8.1)","$1.7","($33.0)","$7.7","($24.3)"
"Miguel Castro","Orioles","RP","600.8","45","($6.7)","($7.8)","($12.2)","($8.1)","$0.8","($34.1)","$7.7","($25.4)"
"Mike Leake","Mariners","SP","570.7","196","($21.4)","($16.9)","($3.1)","$3.0","($3.4)","($41.8)","$15.2","($25.6)"
"Clayton Richard","Blue Jays","SP","600.3","114","($12.4)","($15.9)","($8.2)","($2.0)","($3.4)","($41.8)","$15.2","($25.7)"
"James Shields","","SP","600.3","95","($15.5)","($11.5)","($7.8)","($3.7)","($3.4)","($41.9)","$15.2","($25.7)"
"Junichi Tazawa","","RP","999.0","50","($6.4)","($5.4)","($11.4)","($8.1)","($3.4)","($34.7)","$7.7","($26.0)"
"Clay Buchholz","Blue Jays","SP","555.6","112","($16.9)","($12.0)","($7.2)","($2.8)","($3.4)","($42.2)","$15.2","($26.0)"
"Ivan Nova","White Sox","SP","581.2","150","($21.3)","($12.4)","($4.5)","($0.7)","($3.4)","($42.3)","$15.2","($26.1)"
"Edwin Jackson","","SP","600.0","91","($14.8)","($12.3)","($8.0)","($4.1)","($3.4)","($42.6)","$15.2","($26.4)"
"Antonio Senzatela","Rockies","SP","600.0","169","($20.1)","($18.8)","($1.0)","$0.6","($3.4)","($42.7)","$15.2","($26.5)"
"Matt Moore","Tigers","SP","600.8","90","($15.3)","($11.1)","($8.7)","($4.4)","($3.4)","($42.8)","$15.2","($26.6)"
"Reynaldo Lopez","White Sox","SP","293.3","175","($24.2)","($16.5)","$0.3","$0.9","($3.4)","($42.8)","$15.2","($26.6)"
"Jordan Zimmermann","Tigers","SP","595.4","155","($23.0)","($12.0)","($3.9)","($1.0)","($3.4)","($43.4)","$15.2","($27.2)"
"Yohander Mendez","Rangers","SP","600.3","93","($14.9)","($13.1)","($8.4)","($3.9)","($3.4)","($43.7)","$15.2","($27.5)"
"Jordan Romano","Rangers","RP","999.0","68","($11.3)","($8.1)","($10.1)","($7.0)","($1.7)","($38.3)","$7.7","($29.6)"
"Carson Fulmer","White Sox","SP","999.0","62","($13.5)","($13.1)","($10.5)","($6.6)","($3.1)","($46.7)","$15.2","($30.5)"
"Alex Cobb","Orioles","SP","585.3","181","($23.5)","($18.7)","($2.7)","$1.2","($3.4)","($47.0)","$15.2","($30.8)"
"Ervin Santana","White Sox","SP","580.8","104","($19.5)","($12.6)","($8.3)","($3.5)","($3.4)","($47.3)","$15.2","($31.1)"
"Aaron Sanchez","Blue Jays","SP","400.5","150","($18.5)","($22.3)","($3.4)","($0.3)","($3.4)","($48.0)","$15.2","($31.8)"
"Tyson Ross","Tigers","SP","577.4","91","($15.8)","($15.9)","($8.9)","($4.3)","($3.4)","($48.3)","$15.2","($32.1)"
"Edinson Volquez","Rangers","SP","599.8","128","($18.8)","($18.9)","($5.3)","($2.2)","($3.4)","($48.5)","$15.2","($32.3)"
"Marco Estrada","Athletics","SP","576.2","130","($23.8)","($15.2)","($5.9)","($2.6)","($3.4)","($50.8)","$15.2","($34.6)"
"Lucas Giolito","White Sox","SP","547.4","136","($23.3)","($21.3)","($4.3)","($2.3)","($3.4)","($54.5)","$15.2","($38.3)"
"David Hess","Orioles","SP","999.0","108","($25.7)","($16.7)","($7.6)","($4.5)","($3.4)","($57.8)","$15.2","($41.6)"
"Andrew Cashner","Orioles","SP","999.0","166","($32.7)","($28.0)","($4.8)","($1.4)","($3.4)","($70.3)","$15.2","($54.1)"
